car_id	vel	pos_x	pos_y	pvel	ppos_x	ppos_y	prob
48183_48183_365_0	8.53792327468368	17079.9648139437	20038.4011865998	8.72338883216112	17071.8753019452	20038.2765718499	0.6640536043164481
48183_48183_365_0	8.58679934822108	17088.100635047	20038.5265147175	8.72338883216112	17071.8753019452	20038.2765718499	0.6658809367603333
48183_48183_365_0	8.98306326906281	17096.611908311	20038.6576264817	8.72338883216112	17071.8753019452	20038.2765718499	0.6807827865755309
40216_40216_360_0	11.4082905003106	17128.9004831193	20086.9867371379	12.241564939381	17129.137670267	20097.5024910302	0.6310311261818815
48183_48183_365_0	8.99800963723651	17105.1373429608	20038.7889563947	8.72338883216112	17071.8753019452	20038.2765718499	0.681347844750066
40216_40216_360_0	11.4630960452141	17128.662156522	20076.4204654558	12.241564939381	17129.137670267	20097.5024910302	0.6334840584371183
48183_48183_365_0	8.81771122199102	17113.4919484585	20038.9176547729	8.72338883216112	17071.8753019452	20038.2765718499	0.6745459387504523
40216_40216_360_0	12.0903998110447	17128.4107877962	20065.2759676129	12.241564939381	17129.137670267	20097.5024910302	0.6618905980083587
48183_48183_365_0	7.91933477193906	17120.9925665163	20038.8058973393	8.72338883216112	17071.8753019452	20038.2765718499	0.6411345406815326
40216_40216_360_0	12.1464300476018	17128.1582541587	20054.0798231033	12.241564939381	17129.137670267	20097.5024910302	0.6644568033309337
48183_48183_365_0	3.41933477193906	17124.2132187208	20038.4604760484	8.72338883216112	17071.8753019452	20038.2765718499	0.4872117216923725
40216_40216_360_0	11.5491549685834	17127.9181383301	20043.4342253856	12.241564939381	17129.137670267	20097.5024910302	0.6373452922726931
48183_48183_365_0	0.26294830874568	17124.4607064496	20038.431589468	8.72338883216112	17071.8753019452	20038.2765718499	0.3941227744763417
46890_46890_364_0	4.79850280570634	17074.6017773421	20038.3185717938	5.24419917314615	17070.0552916485	20038.2485355323	0.6574444058625702
46890_46890_364_0	5.11150468049407	17079.4448260687	20038.3931764554	5.24419917314615	17070.0552916485	20038.2485355323	0.6683289661448261
46890_46890_364_0	5.7799723886589	17084.921234615	20038.4775376977	5.24419917314615	17070.0552916485	20038.2485355323	0.6918545030190126
46890_46890_364_0	4.91161455914214	17089.5748914388	20038.549224875	5.24419917314615	17070.0552916485	20038.2485355323	0.6613680081402025
46890_46890_364_0	5.05297678803861	17094.3624861548	20038.6229752964	5.24419917314615	17070.0552916485	20038.2485355323	0.6662872182551418
46890_46890_364_0	5.85464691770565	17099.9096473278	20038.7084264462	5.24419917314615	17070.0552916485	20038.2485355323	0.6945056245994237
46890_46890_364_0	5.8757631785639	17105.4768157369	20038.7941857973	5.24419917314615	17070.0552916485	20038.2485355323	0.6952561273719625
46890_46890_364_0	5.29264329047244	17110.4914896833	20038.8714342567	5.24419917314615	17070.0552916485	20038.2485355323	0.6746666046658369
46890_46890_364_0	5.0263557368128	17115.2538614842	20038.9447961321	5.24419917314615	17070.0552916485	20038.2485355323	0.665359519363782
46890_46890_364_0	5.73071288999006	17120.6810161174	20038.8183593553	5.24419917314615	17070.0552916485	20038.2485355323	0.6901081762841541
57295_57295_374_0	14.9752490068852	17128.7153364749	20078.7782125018	15.0821745096073	17129.0266834378	20092.5818610877	0.6620786117718633
57295_57295_374_0	15.8458963060818	17128.385888084	20064.1720323951	15.0821745096073	17129.0266834378	20092.5818610877	0.7157888775865882
57295_57295_374_0	14.9053858974083	17128.075993629	20050.4327811233	15.0821745096073	17129.0266834378	20092.5818610877	0.6578506793905773
41501_41501_361_0	10.1798248591051	17128.931083334	20088.3434056188	9.44588467098401	17129.1427297348	20097.7268038485	0.6991868763601127
41501_41501_361_0	10.4641759725204	17128.7135250546	20078.6979027094	9.44588467098401	17129.1427297348	20097.7268038485	0.7104248056567082
41501_41501_361_0	10.4593189554438	17128.4960677563	20069.0568768245	9.44588467098401	17129.1427297348	20097.7268038485	0.7102321958515565
34062_34062_352_0	10.0435647438982	17128.8937194086	20086.6868662666	10.7713880735846	17129.1025328566	20095.9446647987	0.6398784923606022
41501_41501_361_0	10.5536805659216	17128.2766486074	20059.3288717841	9.44588467098401	17129.1427297348	20097.7268038485	0.7139782229149982
34062_34062_352_0	10.9066389089968	17128.6669619839	20076.6335168576	10.7713880735846	17129.1025328566	20095.9446647987	0.6753190306469949
41501_41501_361_0	9.32060061068368	17128.0828661407	20050.7374757159	9.44588467098401	17129.1427297348	20097.7268038485	0.6657183160321125
34062_34062_352_0	11.0419318726448	17128.4373917142	20066.4554592368	10.7713880735846	17129.1025328566	20095.9446647987	0.6809558973031565
41501_41501_361_0	9.97660118789971	17127.8754449166	20041.5414017931	9.44588467098401	17129.1427297348	20097.7268038485	0.6912036336825249
34062_34062_352_0	9.13556977397942	17128.2474561811	20058.0346179717	10.7713880735846	17129.1025328566	20095.9446647987	0.6036086541354514
34062_34062_352_0	10.2772395685315	17128.0337844535	20048.5614263492	10.7713880735846	17129.1025328566	20095.9446647987	0.6493835876012555
46496_46496_363_0	13.7646135273848	17128.6563628468	20076.1636013602	13.450746594229	17128.9425397655	20088.8513294884	0.6844862017010448
46496_46496_363_0	13.3778041569043	17128.378227993	20063.8324202662	13.450746594229	17128.9425397655	20088.8513294884	0.6645985432709026
46496_46496_363_0	13.3999115534818	17128.0996335093	20051.4808613652	13.450746594229	17128.9425397655	20088.8513294884	0.6657279213279425
63803_63803_377_0	10.3296300601592	17128.898731175	20086.9090642313	10.3266329029254	17129.1134921412	20096.4305475339	0.670111060249628
63803_63803_377_0	11.2416803294705	17128.665007981	20076.5468856317	10.3266329029254	17129.1134921412	20096.4305475339	0.7073904141892132
58873_58873_375_0	11.3359813008237	17128.8521558504	20084.8441351012	10.8960854835987	17129.0878396342	20095.2932369612	0.6881056178570056
63803_63803_377_0	11.1632502649357	17128.4329154085	20066.2570010587	10.3266329029254	17129.1134921412	20096.4305475339	0.7041493539465514
58873_58873_375_0	10.7782646572429	17128.6280674252	20074.9091164831	10.8960854835987	17129.0878396342	20095.2932369612	0.6647162406897716
63803_63803_377_0	10.3577907713741	17128.2175689593	20056.7095602203	10.3266329029254	17129.1134921412	20096.4305475339	0.6712483569557168
58873_58873_375_0	10.9084357536199	17128.4012726427	20064.8541108071	10.8960854835987	17129.0878396342	20095.2932369612	0.6701419034224774
63803_63803_377_0	11.2515573878918	17127.9836404137	20046.3382773018	10.3266329029254	17129.1134921412	20096.4305475339	0.7077990337119872
58873_58873_375_0	11.9936107525906	17128.151916236	20053.7988296543	10.8960854835987	17129.0878396342	20095.2932369612	0.7161500585053253
58873_58873_375_0	10.0393285889818	17127.9431908609	20044.5449358582	10.8960854835987	17129.0878396342	20095.2932369612	0.6343159532193978
59430_59430_375_0	7.13015158961977	17079.5149657253	20038.3942569206	6.89574746066689	17072.7592893179	20038.2901892183	0.6804785862378712
59430_59430_375_0	6.4531227033444	17085.6291707676	20038.4884430881	6.89574746066689	17072.7592893179	20038.2901892183	0.656324549915542
59430_59430_375_0	7.22293120306901	17092.4727540082	20038.5938649497	6.89574746066689	17072.7592893179	20038.2901892183	0.683820343382134
59430_59430_375_0	6.052778062024	17098.2076404884	20038.6822079109	6.89574746066689	17072.7592893179	20038.2901892183	0.6422382533124051
59430_59430_375_0	6.53733694535664	17104.4016368451	20038.7776232223	6.89574746066689	17072.7592893179	20038.2901892183	0.6593065076366145
59430_59430_375_0	6.43200185385983	17110.4958303038	20038.8715011217	6.89574746066689	17072.7592893179	20038.2901892183	0.6555776968640119
59430_59430_375_0	7.08608178676556	17117.2095338632	20038.9572186455	6.89574746066689	17072.7592893179	20038.2901892183	0.6788939071832593
59430_59430_375_0	4.82615441466839	17121.7767925824	20038.7448538626	6.89574746066689	17072.7592893179	20038.2901892183	0.6000328486221888
63173_63173_377_0	15.6773812996741	17128.8132296489	20083.118331833	15.7625854336941	17129.139174483	20097.5691808378	0.6636539092852999
63173_63173_377_0	16.2874077063338	17128.4746018958	20068.1051823189	15.7625854336941	17129.139174483	20097.5691808378	0.7042998899917735
63173_63173_377_0	15.7703164960077	17128.1467248674	20053.5686689762	15.7625854336941	17129.139174483	20097.5691808378	0.6697761464752119
54875_54875_372_0	13.515561929846	17128.8011143843	20082.5811984265	14.0162717650764	17129.0821133284	20095.0393597054	0.6413805109701406
54875_54875_372_0	13.9912554345679	17128.5102254058	20069.6845598995	14.0162717650764	17129.0821133284	20095.0393597054	0.6668951908671644
54875_54875_372_0	13.6998305671502	17128.2253953748	20057.0565463855	14.0162717650764	17129.0821133284	20095.0393597054	0.6512080217777159
54875_54875_372_0	14.4593235818556	17127.9247748989	20043.728459392	14.0162717650764	17129.0821133284	20095.0393597054	0.6924498921128242
39763_39763_360_0	11.9953849098004	17128.7742426106	20081.3898313498	11.6933666016265	17129.0236359034	20092.4467478572	0.6825069098180451
39763_39763_360_0	12.0700500933045	17128.5232969711	20070.2640911484	11.6933666016265	17129.0236359034	20092.4467478572	0.68583152619556
39763_39763_360_0	11.4023133693553	17128.2862340925	20059.7538467615	11.6933666016265	17129.0236359034	20092.4467478572	0.6563634528543485
39763_39763_360_0	11.7753804120758	17128.0414148627	20048.8997225264	11.6933666016265	17129.0236359034	20092.4467478572	0.6727535446756723
59015_59015_375_0	8.84254144078959	17078.0195978771	20038.371221552	9.273897338802	17069.6414662424	20038.2421607658	0.6542102700726978
59015_59015_375_0	8.72817900639866	17086.2893733865	20038.4986131681	9.273897338802	17069.6414662424	20038.2421607658	0.6498819674546619
59015_59015_375_0	8.81893448052369	17094.6451378972	20038.6273294003	9.273897338802	17069.6414662424	20038.2421607658	0.6533156758009347
59015_59015_375_0	9.96174668237008	17104.0836941738	20038.7727254798	9.273897338802	17069.6414662424	20038.2421607658	0.6972812090282998
59015_59015_375_0	9.12242388595268	17112.7270088426	20038.9058712736	9.273897338802	17069.6414662424	20038.2421607658	0.6648611395802887
59015_59015_375_0	7.59704780208911	17119.9229947579	20038.8486802097	9.273897338802	17069.6414662424	20038.2421607658	0.607839120673827
59015_59015_375_0	3.45327748937083	17123.1819563872	20038.5808442072	9.273897338802	17069.6414662424	20038.2421607658	0.4668947704354469
68422_68422_381_0	14.3613028856444	17128.77338732	20081.3519118194	14.4520747353539	17129.0719698701	20094.5896468432	0.663152447988068
68422_68422_381_0	14.3338153909875	17128.4753762562	20068.1395137844	14.4520747353539	17129.0719698701	20094.5896468432	0.6615992297575201
68422_68422_381_0	14.1401451017691	17128.1813917468	20055.1056340908	14.4520747353539	17129.0719698701	20094.5896468432	0.6507040884536316
68422_68422_381_0	14.3872099075683	17127.8822705697	20041.8440189014	14.4520747353539	17129.0719698701	20094.5896468432	0.6646179103430103
50829_50829_369_0	15.3768885485376	17128.5874668208	20073.1090781248	15.1782823442029	17128.9071641792	20087.2829436658	0.6809215350758672
50829_50829_369_0	16.0991328944698	17128.2527534461	20058.269473594	15.1782823442029	17128.9071641792	20087.2829436658	0.7263924400400689
50829_50829_369_0	15.8789018487571	17127.9226188445	20043.6328701593	15.1782823442029	17128.9071641792	20087.2829436658	0.7123948501038979
68248_68248_381_0	13.1043686841469	17128.7065708	20078.3895840225	12.6785724880726	17128.9790207197	20090.4687220837	0.689058503394199
68248_68248_381_0	13.2550405318237	17128.4309882964	20066.1715620445	12.6785724880726	17128.9790207197	20090.4687220837	0.6963614918161216
53787_53787_371_0	13.3169911574017	17128.5978000528	20073.5672046542	13.6747178886481	17128.8746705576	20085.8423305018	0.6496828126071865
68248_68248_381_0	12.3257176974875	17128.1747271305	20054.8101565956	12.6785724880726	17128.9790207197	20090.4687220837	0.6518765637048987
53787_53787_371_0	12.1068142598512	17128.346090058	20062.4075765599	13.6747178886481	17128.8746705576	20085.8423305018	0.5886753407981631
68248_68248_381_0	12.9320383077341	17127.905860092	20042.8898665079	12.6785724880726	17128.9790207197	20090.4687220837	0.6807478606182338
53787_53787_371_0	12.2325949916181	17128.0917649849	20051.1320082886	13.6747178886481	17128.8746705576	20085.8423305018	0.5948730029876867
47922_47922_365_0	13.7198086710145	17128.7941690583	20082.2732755909	14.077368507065	17129.0794144495	20094.919704206	0.6488872529693401
47922_47922_365_0	14.0134070517692	17128.5028195306	20069.3562184959	14.077368507065	17129.0794144495	20094.919704206	0.6647666982566921
66488_66488_380_0	13.5986875986502	17128.8218222657	20083.4992877345	12.8676178765771	17129.1045494565	20096.0340712799	0.7044057727930672
47922_47922_365_0	13.0543441736802	17128.231409659	20057.3231912381	14.077368507065	17129.0794144495	20094.919704206	0.6135836065792396
66488_66488_380_0	13.5509082624976	17128.5400884441	20071.0085454711	12.8676178765771	17129.1045494565	20096.0340712799	0.7020354204985586
47922_47922_365_0	13.4977205128838	17127.9507816517	20044.8814755389	14.077368507065	17129.0794144495	20094.919704206	0.6369972376027508
73986_73986_385_0	13.0734524582293	17128.7461832467	20080.1458121531	14.1943614042752	17129.0179903943	20092.1964527437	0.607758397174475
66488_66488_380_0	13.8419777707717	17128.2523030632	20058.2495057521	12.8676178765771	17129.1045494565	20096.0340712799	0.7165285663849369
73986_73986_385_0	14.4054297003104	17128.4466832662	20066.8674026108	14.1943614042752	17129.0179903943	20092.1964527437	0.6799520034328396
66488_66488_380_0	12.8701077048722	17127.9847236097	20046.3863010776	12.8676178765771	17129.1045494565	20096.0340712799	0.6686459347513445
73986_73986_385_0	13.2085725897213	17128.172066867	20054.6922131188	14.1943614042752	17129.0179903943	20092.1964527437	0.6149006078618271
73986_73986_385_0	13.3782640829804	17127.8939224509	20042.3606080813	14.1943614042752	17129.0179903943	20092.1964527437	0.6239300748152575
43856_43856_362_0	9.49317779487118	17128.7837999844	20081.813560002	10.0014762328204	17128.9811704637	20090.5640315423	0.6501747328819044
43856_43856_362_0	10.009559024541	17128.5756935415	20072.587106725	10.0014762328204	17128.9811704637	20090.5640315423	0.6705190746069081
43856_43856_362_0	9.38207936691705	17128.3806328841	20063.9390417395	10.0014762328204	17128.9811704637	20090.5640315423	0.6458369715324176
49685_49685_367_0	10.4362463608169	17128.7454191677	20080.1119365108	9.25038488064162	17128.962396769	20089.7316949037	0.7168121670030865
43856_43856_362_0	9.88220579826392	17128.1751742129	20054.8299781086	10.0014762328204	17128.9811704637	20090.5640315423	0.6654740461867115
49685_49685_367_0	9.59180866080181	17128.5459980767	20071.2705505682	9.25038488064162	17128.962396769	20089.7316949037	0.6838162279682989
53204_53204_371_0	10.3775663891669	17128.9166364152	20087.702897716	9.10088942428541	17129.1323940147	20097.2685670111	0.7201867671701228
43856_43856_362_0	9.55594526810691	17127.9764987494	20046.0216497579	10.0014762328204	17128.9811704637	20090.5640315423	0.6526316630757565
49685_49685_367_0	10.0262390906187	17128.3375448424	20062.0287222032	9.25038488064162	17128.962396769	20089.7316949037	0.7007057608835191
53204_53204_371_0	9.09078049477857	17128.7276320858	20079.3233416055	9.10088942428541	17129.1323940147	20097.2685670111	0.6703823924661823
49685_49685_367_0	9.31966913872965	17128.1437817417	20053.4381847325	9.25038488064162	17128.962396769	20089.7316949037	0.673331459981036
51299_51299_369_0	9.11539367049307	17128.9102412295	20087.419365494	10.3815281154837	17129.0997572859	20095.8216091489	0.6196335129295247
53204_53204_371_0	9.87255185712614	17128.5223741274	20070.2231766321	9.10088942428541	17129.1323940147	20097.2685670111	0.7004515559471944
49685_49685_367_0	10.2895549055696	17127.9298539687	20043.9536412731	9.25038488064162	17128.962396769	20089.7316949037	0.7110314647891108
51299_51299_369_0	10.0332401931403	17128.7016424369	20078.1710837633	10.3815281154837	17129.0997572859	20095.8216091489	0.6559225656067108
53204_53204_371_0	9.37342268717683	17128.327493449	20061.5830910641	9.10088942428541	17129.1323940147	20097.2685670111	0.6811842446477504
51299_51299_369_0	9.53363871466415	17128.5034307439	20069.3833167952	10.3815281154837	17129.0997572859	20095.8216091489	0.6360430821848312
53204_53204_371_0	11.054836026137	17128.0976548921	20051.3931388564	9.10088942428541	17129.1323940147	20097.2685670111	0.7470149178635288
51299_51299_369_0	11.4069243798505	17128.2662719988	20058.8688221439	10.3815281154837	17129.0997572859	20095.8216091489	0.7120561302641993
53204_53204_371_0	8.47792428713655	17127.9213923153	20043.5784916647	9.10088942428541	17129.1323940147	20097.2685670111	0.6472402262690327
51299_51299_369_0	8.08807828993966	17128.0981146206	20051.4135210402	10.3815281154837	17129.0997572859	20095.8216091489	0.5802657468463733
51299_51299_369_0	8.6944736664518	17127.9173498154	20043.3992663807	10.3815281154837	17129.0997572859	20095.8216091489	0.6033394612583902
55993_55993_373_0	6.5383504567529	17075.2114282406	20038.3279631507	6.66818212148276	17069.016471602	20038.2325330465	0.6675781481557441
55993_55993_373_0	6.89716023370632	17081.7463499858	20038.4286302415	6.66818212148276	17069.016471602	20038.2325330465	0.6803776596670674
55993_55993_373_0	6.9236700249697	17088.3063892294	20038.5296842543	6.66818212148276	17069.016471602	20038.2325330465	0.6813277934350944
55993_55993_373_0	6.02352941209459	17094.0135631972	20038.6176003186	6.66818212148276	17069.016471602	20038.2325330465	0.6494144508575936
55993_55993_373_0	7.19058295906064	17100.8264971218	20038.7225500433	6.66818212148276	17069.016471602	20038.2325330465	0.6909279427670934
55993_55993_373_0	7.00006131893964	17107.4589155926	20038.8247190208	6.66818212148276	17069.016471602	20038.2325330465	0.6840691275250413
55993_55993_373_0	6.24310479849586	17113.3741328593	20038.9158398845	6.66818212148276	17069.016471602	20038.2325330465	0.6571320090656165
55993_55993_373_0	6.06071946207443	17119.1150285079	20038.8809988597	6.66818212148276	17069.016471602	20038.2325330465	0.6507184849466564
55993_55993_373_0	4.15302768933337	17123.0374033584	20038.5977163273	6.66818212148276	17069.016471602	20038.2325330465	0.585531280336608
49857_49857_367_0	14.9948124678486	17128.60537928	20073.9032316633	14.9148928571173	17128.9171329823	20087.7249131473	0.6732515844538464
49857_49857_367_0	15.0775163380808	17128.2919061005	20060.0053167116	14.9148928571173	17128.9171329823	20087.7249131473	0.6782158206050484
49857_49857_367_0	14.9399700541195	17127.9812926143	20046.2341870018	14.9148928571173	17128.9171329823	20087.7249131473	0.6699688615134384
78335_78335_387_0	16.0523827532611	17128.7563179002	20080.5951346528	16.2247895581487	17129.0900593035	20095.3916465766	0.6580444898305845
78335_78335_387_0	15.4789313662869	17128.4344989931	20066.3272096944	16.2247895581487	17129.0900593035	20095.3916465766	0.61888029633158
78335_78335_387_0	15.4384790260649	17128.1135211213	20052.0965722554	16.2247895581487	17129.0900593035	20095.3916465766	0.6161620325263336
69161_69161_381_0	12.6711098549459	17128.7283478046	20079.3550731868	13.1614491286259	17128.9917899396	20091.0348487652	0.6441982146324152
69161_69161_381_0	12.9208285814654	17128.459713825	20067.4451158235	13.1614491286259	17128.9917899396	20091.0348487652	0.6564777894655893
69161_69161_381_0	12.7007837525606	17128.1956547468	20055.7379879084	13.1614491286259	17128.9917899396	20091.0348487652	0.6456515592438825
69161_69161_381_0	12.3735733262068	17127.9383986255	20044.3324708537	13.1614491286259	17128.9917899396	20091.0348487652	0.6297140359035005
83302_83302_390_0	7.21560177011441	17077.3392528409	20038.3607411885	7.13980742041047	17070.5026140919	20038.2554263032	0.6746585360064399
83302_83302_390_0	7.8083371543328	17084.7374965433	20038.4747073077	7.13980742041047	17070.5026140919	20038.2554263032	0.6961563878508691
83302_83302_390_0	7.90669812494914	17092.2289353034	20038.5901090486	7.13980742041047	17070.5026140919	20038.2554263032	0.6997532739653978
83302_83302_390_0	6.95550027012384	17098.8191330694	20038.6916276379	7.13980742041047	17070.5026140919	20038.2554263032	0.6653233151665252
83302_83302_390_0	7.53846488557781	17105.9616781802	20038.8016548525	7.13980742041047	17070.5026140919	20038.2554263032	0.686330328657796
83302_83302_390_0	7.06820508474509	17112.6586615099	20038.9048184182	7.13980742041047	17070.5026140919	20038.2554263032	0.6693608701558587
83302_83302_390_0	7.27454627351861	17119.549338104	20038.8636264758	7.13980742041047	17070.5026140919	20038.2554263032	0.6767825417886808
83302_83302_390_0	4.72445386462141	17124.0069574396	20038.4845507089	7.13980742041047	17070.5026140919	20038.2554263032	0.5878867435416948
56357_56357_373_0	8.74504795601965	17083.7356669959	20038.4592746415	9.05357734848653	17075.4499084933	20038.3316368156	0.6591164634246309
41386_41386_361_0	12.2564525249764	17128.8882397272	20086.4439231648	12.4316659340985	17129.1430608168	20097.7414824565	0.6605661082460992
56357_56357_373_0	8.56638060220426	17091.8521417447	20038.5843047386	9.05357734848653	17075.4499084933	20038.3316368156	0.6523971436477191
41386_41386_361_0	12.0417655084399	17128.637882146	20075.3442546814	12.4316659340985	17129.1430608168	20097.7414824565	0.6506319494231325
56357_56357_373_0	9.44154434796797	17100.7978166858	20038.722108236	9.05357734848653	17075.4499084933	20038.3316368156	0.6856200328141462
41386_41386_361_0	11.8280056153774	17128.3919687977	20064.4416224173	12.4316659340985	17129.1430608168	20097.7414824565	0.6408124672076698
56357_56357_373_0	9.30972400376481	17109.6185944801	20038.8579877574	9.05357734848653	17075.4499084933	20038.3316368156	0.6805667777408219
41386_41386_361_0	11.6501631503809	17128.1497529312	20053.7029189726	12.4316659340985	17129.1430608168	20097.7414824565	0.6326984361891754
56357_56357_373_0	9.29473510877138	17118.424125921	20038.9086349632	9.05357734848653	17075.4499084933	20038.3316368156	0.6799932697549613
54806_54806_372_0	12.0768988963965	17128.8860496632	20086.3468261075	11.7549747337404	17129.1371376946	20097.4788792905	0.6834216240558203
41386_41386_361_0	11.7058049209766	17127.9063802294	20042.9129269351	12.4316659340985	17129.1430608168	20097.7414824565	0.6352316126858637
56357_56357_373_0	5.25422170721966	17123.3870577427	20038.5569049322	9.05357734848653	17075.4499084933	20038.3316368156	0.534248468588409
54806_54806_372_0	10.9608808916577	17128.6581645058	20076.2434783802	11.7549747337404	17129.1371376946	20097.4788792905	0.6343769653066744
54806_54806_372_0	11.0464933392641	17128.4284993998	20066.0612161627	11.7549747337404	17129.1371376946	20097.4788792905	0.63807720487767
54806_54806_372_0	11.3452768832029	17128.1926223536	20055.6035459675	11.7549747337404	17129.1371376946	20097.4788792905	0.6510733157581857
54806_54806_372_0	12.0462831538686	17127.9421708471	20044.4997132803	11.7549747337404	17129.1371376946	20097.4788792905	0.6820534357620862
59706_59706_376_0	12.9528319012445	17128.6895374723	20077.63440701	13.6643223494829	17128.9588368256	20089.5738638881	0.6315762545876072
59706_59706_376_0	13.3484166454596	17128.4120136074	20065.3303142723	13.6643223494829	17128.9588368256	20089.5738638881	0.6518629631095407
59706_59706_376_0	13.5043268713706	17128.1312482489	20052.8825090682	13.6643223494829	17128.9588368256	20089.5738638881	0.6599430359402234
79995_79995_388_0	13.8554348899415	17128.7830415325	20081.7799338407	14.6092357239817	17129.0711066973	20094.5513778505	0.6254962224360641
79995_79995_388_0	13.41564732931	17128.5041198899	20069.4138702647	14.6092357239817	17129.0711066973	20094.5513778505	0.6011473941887638
79995_79995_388_0	13.4502568968702	17128.2244786878	20057.015904828	14.6092357239817	17129.0711066973	20094.5513778505	0.6030456623366407
79995_79995_388_0	13.4253053053413	17127.9453562484	20044.6409388753	14.6092357239817	17129.0711066973	20094.5513778505	0.601676804265689
55798_55798_373_0	12.8554497831677	17128.7359226764	20079.6909070968	11.6567661905372	17129.0031973804	20091.5406006237	0.7227773531937745
55798_55798_373_0	12.653256395989	17128.4728517286	20068.027588198	11.6567661905372	17129.0031973804	20091.5406006237	0.7136062502894694
55798_55798_373_0	11.646083433804	17128.2307206825	20057.29264529	11.6567661905372	17129.0031973804	20091.5406006237	0.6686864194627286
55798_55798_373_0	11.7464167167842	17127.9865036303	20046.4652187526	11.6567661905372	17129.0031973804	20091.5406006237	0.6731021469715687
36324_36324_356_0	14.3578894765368	17128.7356749062	20079.679922143	13.4302845972609	17129.0341864889	20092.9145108084	0.71648396783745
36324_36324_356_0	13.1933280122252	17128.4613754535	20067.5187845569	13.4302845972609	17129.0341864889	20092.9145108084	0.656276638333673
36324_36324_356_0	13.6830171828875	17128.1768949857	20054.9062690188	13.4302845972609	17129.0341864889	20092.9145108084	0.6813046695037307
36324_36324_356_0	14.3248019254552	17127.8790713187	20041.7021792738	13.4302845972609	17129.0341864889	20092.9145108084	0.7147414358056092
50023_50023_368_0	13.2957549525785	17128.722455601	20079.0938408066	13.2968551408161	17128.9988845887	20091.3493918806	0.6683149832667237
50023_50023_368_0	13.2176385839131	17128.4476507127	20066.9102946056	13.2968551408161	17128.9988845887	20091.3493918806	0.6643795174232521
50023_50023_368_0	13.3312506792263	17128.1704837415	20054.6220248412	13.2968551408161	17128.9988845887	20091.3493918806	0.670106800437562
50023_50023_368_0	12.7567249528725	17127.9052616027	20042.8633323297	13.2968551408161	17128.9988845887	20091.3493918806	0.641382338664963
52554_52554_370_0	12.651696261594	17128.6399703119	20075.4368340604	13.278849494148	17128.9030088233	20087.0987148832	0.6371421542608322
52554_52554_370_0	13.4172923914557	17128.3610144672	20063.069254125	13.278849494148	17128.9030088233	20087.0987148832	0.6753653100312252
52554_52554_370_0	13.3573307312494	17128.0833052716	20050.756944702	13.278849494148	17128.9030088233	20087.0987148832	0.6723340024216935
64120_64120_378_0	9.94476271775452	17128.8595667762	20085.1727004243	8.25007610956673	17129.0663260539	20094.3394267847	0.7352335713086358
64120_64120_378_0	9.58689295147447	17128.6602478866	20076.3358456066	8.25007610956673	17129.0663260539	20094.3394267847	0.7215196791658917
64120_64120_378_0	9.02282990213385	17128.4726563022	20068.0189239206	8.25007610956673	17129.0663260539	20094.3394267847	0.7001275656427394
64120_64120_378_0	8.79870244495937	17128.2897245004	20059.9085949033	8.25007610956673	17129.0663260539	20094.3394267847	0.6917059289429847
64120_64120_378_0	9.68585509358341	17128.0883481116	20050.9805203248	8.25007610956673	17129.0663260539	20094.3394267847	0.7253012139493328
64120_64120_378_0	8.8251565594775	17127.9048663084	20042.8458068515	8.25007610956673	17129.0663260539	20094.3394267847	0.6926975778325573
59803_59803_376_0	12.6185511523543	17128.7146886465	20078.7494908574	12.0359722048894	17128.9770380455	20090.3808197047	0.695527329107
59803_59803_376_0	12.2512305486866	17128.4599761257	20067.4567449965	12.0359722048894	17128.9770380455	20090.3808197047	0.6787069400572626
59803_59803_376_0	12.7054616079351	17128.1958197914	20055.7453052017	12.0359722048894	17128.9770380455	20090.3808197047	0.6995339267848161
59803_59803_376_0	12.9128600761445	17127.9273514831	20043.8426929214	12.0359722048894	17128.9770380455	20090.3808197047	0.7091355541535669
78228_78228_386_0	6.43910743408567	17079.9113647607	20038.4003632428	7.14501651244435	17073.8104389065	20038.3063816343	0.6467837776703528
78228_78228_386_0	7.04140175446599	17086.5829524696	20038.5031356021	7.14501651244435	17073.8104389065	20038.3063816343	0.6682095369831031
78228_78228_386_0	6.29803041949134	17092.5502106666	20038.5950581294	7.14501651244435	17073.8104389065	20038.3063816343	0.6418140899901795
78228_78228_386_0	7.20957834742229	17099.3811423427	20038.7002851002	7.14501651244435	17073.8104389065	20038.3063816343	0.6742514304922814
78228_78228_386_0	6.17522523077867	17105.2320450729	20038.7904152317	7.14501651244435	17073.8104389065	20038.3063816343	0.6375034552271285
78228_78228_386_0	6.58645042617071	17111.4725754731	20038.8865473761	7.14501651244435	17073.8104389065	20038.3063816343	0.6519942142046492
78228_78228_386_0	6.53177670045487	17117.6607787412	20038.9391688504	7.14501651244435	17073.8104389065	20038.3063816343	0.6500584321524766
78228_78228_386_0	5.04248754518817	17122.4289665766	20038.6687326078	7.14501651244435	17073.8104389065	20038.3063816343	0.5984370138931498
92962_92962_392_0	14.7806826477236	17128.6182371753	20074.4732897942	14.6188735840674	17128.9255389537	20088.0975940734	0.6777200239381348
92962_92962_392_0	13.8038690307009	17128.3312441045	20061.7493773479	14.6188735840674	17128.9255389537	20088.0975940734	0.6220332738327183
92962_92962_392_0	14.0242078625196	17128.0396700196	20048.8223644521	14.6188735840674	17128.9255389537	20088.0975940734	0.6343938324471515
71301_71301_382_0	13.7688800937696	17128.6481079042	20075.7976163287	13.3264649767396	17128.934373528	20088.4892772251	0.6909154202264168
42763_42763_361_0	13.5842615006895	17128.8361351605	20084.1338536476	13.4918836970753	17129.1185624216	20096.6553397323	0.6730745987755259
71301_71301_382_0	12.9187840938302	17128.379516431	20063.889543501	13.3264649767396	17128.934373528	20088.4892772251	0.6478854774301503
42763_42763_361_0	13.3428242073115	17128.5587275667	20071.8349158192	13.4918836970753	17129.1185624216	20096.6553397323	0.6606766266430957
71301_71301_382_0	13.2462965223207	17128.1041157221	20051.679581438	13.3264649767396	17128.934373528	20088.4892772251	0.6643115573034313
85976_85976_391_0	12.8574160747752	17128.8794827281	20086.055679333	11.9260850296412	17129.1467983129	20097.907185317	0.7113606419400625
42763_42763_361_0	12.9608611768417	17128.2892612786	20059.8880578423	13.4918836970753	17129.1185624216	20096.6553397323	0.6412845766795623
71301_71301_382_0	11.0969803158742	17127.8734009529	20041.4507821323	13.3264649767396	17128.934373528	20088.4892772251	0.5602786351190316
85976_85976_391_0	11.7831743421555	17128.6345014565	20075.194370932	11.9260850296412	17129.1467983129	20097.907185317	0.6626031274181856
42763_42763_361_0	11.2862598137875	17128.0546112428	20049.4847874695	13.4918836970753	17129.1185624216	20096.6553397323	0.5597024882842908
85976_85976_391_0	12.4793691908298	17128.3750457576	20063.6913350356	11.9260850296412	17129.1467983129	20097.907185317	0.6940255587460291
85976_85976_391_0	11.6947660569391	17128.1319025624	20052.911518228	11.9260850296412	17129.1467983129	20097.907185317	0.6586610629126056
85976_85976_391_0	11.9039655482686	17127.8844099485	20041.9388688162	11.9260850296412	17129.1467983129	20097.907185317	0.6680069869225538
67765_67765_381_0	6.97671790804938	17075.8982510779	20038.3385433014	7.2169232259946	17069.2879500232	20038.2367150313	0.6632676818833095
67765_67765_381_0	6.61879773468003	17082.1694299077	20038.4351475689	7.2169232259946	17069.2879500232	20038.2367150313	0.6505210454986562
67765_67765_381_0	6.31405097874571	17088.151867265	20038.5273039234	7.2169232259946	17069.2879500232	20038.2367150313	0.6397627534170286
67765_67765_381_0	7.12290034119264	17094.9006732592	20038.6312657905	7.2169232259946	17069.2879500232	20038.2367150313	0.6685076311690346
67765_67765_381_0	6.82274206357301	17101.3650852725	20038.7308467153	7.2169232259946	17069.2879500232	20038.2367150313	0.6577695677789903
67765_67765_381_0	6.45179996557758	17107.4780370472	20038.8250135769	7.2169232259946	17069.2879500232	20038.2367150313	0.6446147185596396
67765_67765_381_0	6.24361071844809	17113.3937336628	20038.9161418247	7.2169232259946	17069.2879500232	20038.2367150313	0.6372886249923201
67765_67765_381_0	6.6641958706988	17119.7060087388	20038.8573596505	7.2169232259946	17069.2879500232	20038.2367150313	0.6521312107027143
56155_56155_373_0	10.5552111805163	17128.7858421261	20081.9040988837	10.9052098602502	17129.0052930976	20091.6335147898	0.6550763803556908
56155_56155_373_0	9.96756156699062	17128.5786088427	20072.71635736	10.9052098602502	17129.0052930976	20091.6335147898	0.6310026605310268
56155_56155_373_0	10.0006118960192	17128.3706884175	20063.4981512258	10.9052098602502	17129.0052930976	20091.6335147898	0.6323448383571922
56155_56155_373_0	10.6627939098261	17128.1490007181	20053.6695694101	10.9052098602502	17129.0052930976	20091.6335147898	0.6595308653211426
56155_56155_373_0	11.0125278854489	17127.92004178	20043.5186153323	10.9052098602502	17129.0052930976	20091.6335147898	0.6741100049201667
103091_103091_397_0	10.431899414473	17128.9280568048	20088.2092236565	9.10532885145466	17129.1449440297	20097.8249751898	0.722155788194806
103091_103091_397_0	12.9947351848993	17128.6578862499	20076.2311418312	9.10532885145466	17129.1449440297	20097.8249751898	0.8257586321550697
103091_103091_397_0	15.1038846895152	17128.3438648521	20062.3089214768	9.10532885145466	17129.1449440297	20097.8249751898	0.9143760040936472
103091_103091_397_0	16.4044107417924	17128.0028045158	20047.187922752	9.10532885145466	17129.1449440297	20097.8249751898	0.9700840893923537
76095_76095_386_0	8.00402207199728	17076.104059144	20038.3417136682	7.54690177510271	17068.5204078854	20038.2248914415	0.6883705535929178
76095_76095_386_0	8.61062649755983	17084.262455996	20038.4673895537	7.54690177510271	17068.5204078854	20038.2248914415	0.7107781157002522
76095_76095_386_0	8.60444206807075	17092.4149932244	20038.5929751747	7.54690177510271	17068.5204078854	20038.2248914415	0.7105480752693727
76095_76095_386_0	8.08287581808178	17100.0733568345	20038.7109483066	7.54690177510271	17068.5204078854	20038.2248914415	0.6912652677914071
76095_76095_386_0	7.46894296733441	17107.1500313146	20038.8199608181	7.54690177510271	17068.5204078854	20038.2248914415	0.6688748944019208
76095_76095_386_0	7.34487624719983	17114.109155052	20038.9271625213	7.54690177510271	17068.5204078854	20038.2248914415	0.6643917822789815
76095_76095_386_0	7.00998527706437	17120.7483489038	20038.8156660438	7.54690177510271	17068.5204078854	20038.2248914415	0.652362292408382
69809_69809_381_0	14.6665283379987	17128.6078805906	20074.0141279185	15.3315498863956	17128.912809013	20087.5332088405	0.6277056963363554
69809_69809_381_0	14.899542938583	17128.2981076152	20060.2802624769	15.3315498863956	17128.912809013	20087.5332088405	0.6419536042250595
104587_104587_397_0	15.9843779820184	17128.5526573642	20071.5657918123	15.9275749275627	17128.8849848959	20086.2996193717	0.673340672772035
69809_69809_381_0	15.1023185643278	17127.9841187783	20046.3594857207	15.3315498863956	17128.912809013	20087.5332088405	0.6544780240279664
104587_104587_397_0	15.079645253525	17128.2391399229	20057.6659145025	15.9275749275627	17128.8849848959	20086.2996193717	0.6135665450939412
104587_104587_397_0	15.6556925489967	17127.9136460146	20043.2350574119	15.9275749275627	17128.8849848959	20086.2996193717	0.6513182546399666
76779_76779_386_0	13.2070130645395	17128.7268462645	20079.2885020159	12.9520806478667	17129.00143024	20091.4622539934	0.6810020113949269
76779_76779_386_0	13.4216432871394	17128.4477999613	20066.9169115805	12.9520806478667	17129.00143024	20091.4622539934	0.691616639475514
76779_76779_386_0	13.5665200212136	17128.1657415593	20054.4117789567	12.9520806478667	17129.00143024	20091.4622539934	0.6988227511258959
76779_76779_386_0	12.6071303714863	17127.9036296071	20042.7909773765	12.9520806478667	17129.00143024	20091.4622539934	0.6517338121580593
64460_64460_378_0	8.97974462349728	17082.9773635149	20038.4475933684	8.32981903067619	17074.4692346013	20038.3165300414	0.695519385496081
64460_64460_378_0	8.47410472970285	17091.006408715	20038.5712766586	8.32981903067619	17074.4692346013	20038.3165300414	0.6765947539245134
64460_64460_378_0	8.70882384454661	17099.2578455945	20038.6983857775	8.32981903067619	17074.4692346013	20038.3165300414	0.6853500907799895
64460_64460_378_0	8.67758976192043	17107.4796888038	20038.8250390213	8.32981903067619	17074.4692346013	20038.3165300414	0.6841820445431405
64460_64460_378_0	8.44826349100393	17115.4842499457	20038.9483451472	8.32981903067619	17074.4692346013	20038.3165300414	0.675634009243534
64460_64460_378_0	7.97654441952535	17123.0278790014	20038.598828003	8.32981903067619	17074.4692346013	20038.3165300414	0.6582085248320745
84120_84120_390_0	13.7409057990043	17128.8450793636	20084.5303972193	13.141409600256	17129.1307633803	20097.196272412	0.6985296981239356
84120_84120_390_0	13.3451108221524	17128.5676242293	20072.2293516712	13.141409600256	17129.1307633803	20097.196272412	0.6785841704489082
84120_84120_390_0	13.9346386097698	17128.2779123582	20059.384900507	13.141409600256	17129.1307633803	20097.196272412	0.7083850303410713
84120_84120_390_0	13.2658228397696	17128.0021056822	20047.1569397834	13.141409600256	17129.1307633803	20097.196272412	0.6746198064398006
92326_92326_392_0	11.6585157939788	17128.7800925636	20081.6491905349	10.9121379998137	17129.0224820879	20092.3955931475	0.7011364314421401
92326_92326_392_0	11.7861770066755	17128.5350488642	20070.7851143852	10.9121379998137	17129.0224820879	20092.3955931475	0.7065923557077239
92326_92326_392_0	11.8385617996656	17128.2889160447	20059.8727518082	10.9121379998137	17129.0224820879	20092.3955931475	0.7088364612110238
94141_94141_393_0	11.7768645590394	17128.6992384608	20078.0645028553	11.6124383323999	17128.9440885471	20088.919995124	0.6764048899556705
92326_92326_392_0	11.6571429357022	17128.0465550631	20049.1276146472	10.9121379998137	17129.0224820879	20092.3955931475	0.701077859171573
94141_94141_393_0	11.5071136559228	17128.4599967035	20067.457657315	11.6124383323999	17128.9440885471	20088.919995124	0.6645749020362388
94141_94141_393_0	11.4920315567967	17128.2210685146	20056.8647139139	11.6124383323999	17128.9440885471	20088.919995124	0.663916344115905
94141_94141_393_0	11.7295412597186	17127.9772023161	20046.0528425688	11.6124383323999	17128.9440885471	20088.919995124	0.6743225294324899
77548_77548_386_0	10.6591806889046	17128.8381936448	20084.2251170856	8.4215448708972	17129.0598062225	20094.0503683635	0.7566093425396672
77548_77548_386_0	12.4803054210264	17128.578718481	20072.7212182057	8.4215448708972	17129.0598062225	20094.0503683635	0.8290872632544042
77548_77548_386_0	13.9231139771804	17128.2892462159	20059.8873900354	8.4215448708972	17129.0598062225	20094.0503683635	0.8880163262392572
77548_77548_386_0	12.4475436734665	17128.0304521941	20048.413689762	8.4215448708972	17129.0598062225	20094.0503683635	0.8277633290492072
78724_78724_387_0	14.4625476999365	17128.5776930826	20072.6757568974	14.4578197515959	17128.8783805903	20086.0068157675	0.6685634001183292
78724_78724_387_0	15.3550808337674	17128.2584491234	20058.5219929273	14.4578197515959	17128.8783805903	20086.0068157675	0.7200996916446074
78724_78724_387_0	15.0543690706527	17127.9454571934	20044.6454142983	14.4578197515959	17128.8783805903	20086.0068157675	0.7025501945426641
89248_89248_391_0	11.4996627351384	17128.6995115241	20078.076609191	11.3034226686808	17128.938598371	20088.6765867392	0.6778087919030218
89248_89248_391_0	10.9126633844453	17128.4726288459	20068.0177066362	11.3034226686808	17128.938598371	20088.6765867392	0.6527159591795817
89248_89248_391_0	11.3025425087077	17128.2376402803	20057.599427458	11.3034226686808	17128.938598371	20088.6765867392	0.6693329895299005
89248_89248_391_0	11.1980007153352	17128.0048252192	20047.2775111635	11.3034226686808	17128.938598371	20088.6765867392	0.6648579885020397
86388_86388_391_0	13.1112447486959	17128.7958664351	20082.348529231	12.1228493946373	17129.0684593135	20094.4340054024	0.714589035535117
86388_86388_391_0	12.4903822534487	17128.5361817662	20070.8353418876	12.1228493946373	17129.0684593135	20094.4340054024	0.685724864824887
86388_86388_391_0	12.0485600813759	17128.2856829206	20059.7294104101	12.1228493946373	17129.0684593135	20094.4340054024	0.6655090558617517
86388_86388_391_0	12.8940135634506	17128.0176064458	20047.8441701708	12.1228493946373	17129.0684593135	20094.4340054024	0.7044309295389861
89377_89377_391_0	13.3769863467083	17128.6486082118	20075.8197975996	13.2055513223751	17128.9267260628	20088.1502248655	0.67699939042707
89377_89377_391_0	13.2843194288319	17128.3724169775	20063.5747873822	13.2055513223751	17128.9267260628	20088.1502248655	0.6723443424815085
89377_89377_391_0	12.9360017947737	17128.103467535	20051.6508438939	13.2055513223751	17128.9267260628	20088.1502248655	0.6549800517535581
102336_102336_396_0	13.3131290889145	17128.7079777479	20078.4519614243	12.7547210045424	17128.9847679573	20090.7235273553	0.6956308136773931
102336_102336_396_0	13.3419726534081	17128.4305878586	20066.1538085278	12.7547210045424	17128.9847679573	20090.7235273553	0.6970414397057786
102336_102336_396_0	12.6956120370221	17128.1666363044	20054.4514477149	12.7547210045424	17128.9847679573	20090.7235273553	0.665738180623198
102336_102336_396_0	13.1665178277562	17127.8928942561	20042.3150227974	12.7547210045424	17128.9847679573	20090.7235273553	0.6884801381398389
73511_73511_385_0	11.7437212118251	17128.6708482377	20076.8058149322	11.7839023142891	17128.9150092484	20087.6307568496	0.6672990677730505
88422_88422_391_0	11.7816173320714	17128.8581931043	20085.1117983241	11.2508243224782	17129.1031420045	20095.9716715289	0.6922554816206972
73511_73511_385_0	12.3830987713138	17128.4133940751	20065.3915176631	11.7839023142891	17128.9150092484	20087.6307568496	0.6959100505185307
88422_88422_391_0	12.5696887651689	17128.5968595919	20073.5255090765	11.2508243224782	17129.1031420045	20095.9716715289	0.7268079992508385
73511_73511_385_0	11.6770943990514	17128.1706182872	20054.6279899572	11.7839023142891	17128.9150092484	20087.6307568496	0.664349379878232
88422_88422_391_0	11.412601609701	17128.3595828129	20063.0057813579	11.2508243224782	17129.1031420045	20095.9716715289	0.6763311754148891
73511_73511_385_0	12.4849851553865	17127.9110458281	20043.1197774657	11.7839023142891	17128.9150092484	20087.6307568496	0.7005189793639569
88422_88422_391_0	12.4914880481561	17128.0998751537	20051.4915747326	11.2508243224782	17129.1031420045	20095.9716715289	0.7233473487052491
111429_111429_401_0	13.9471123636201	17128.7575853954	20080.6513293782	13.3518640814548	17129.0475566054	20093.5072784022	0.698851448948629
111429_111429_401_0	12.9324544608094	17128.4887097047	20068.7306556954	13.3518640814548	17129.0475566054	20093.5072784022	0.6472429836088466
111429_111429_401_0	13.34189752333	17128.2113213774	20056.4325720511	13.3518640814548	17129.0475566054	20093.5072784022	0.6678491371570844
111429_111429_401_0	12.8417066354038	17127.944332404	20044.5955464661	13.3518640814548	17129.0475566054	20093.5072784022	0.6427175639823082
92933_92933_392_0	13.059287480249	17128.7090940576	20078.5014533072	13.4765330372219	17128.9806067045	20090.5390371281	0.6470671298903875
92933_92933_392_0	13.5742730435057	17128.4268744643	20065.989174225	13.4765330372219	17128.9806067045	20090.5390371281	0.6733472950703415
92933_92933_392_0	13.4438663397523	17128.1473661267	20053.5970993751	13.4765330372219	17128.9806067045	20090.5390371281	0.666646264903311
92933_92933_392_0	12.6648071944787	17127.8840550289	20041.9231333636	13.4765330372219	17128.9806067045	20090.5390371281	0.6272758105893957
94311_94311_393_0	9.55184737502132	17128.8051763439	20082.7612864611	7.60427670276258	17129.003766609	20091.5658375206	0.7440464706424834
94311_94311_393_0	11.0940981206717	17128.5745214978	20072.5351438598	7.60427670276258	17129.003766609	20091.5658375206	0.8034864646610953
94311_94311_393_0	12.5607909198618	17128.3133729784	20060.9570563276	7.60427670276258	17129.003766609	20091.5658375206	0.8614673367096293
94311_94311_393_0	13.8329725088064	17128.0257748239	20048.2063173368	7.60427670276258	17129.003766609	20091.5658375206	0.9126943202669048
113120_113120_402_0	13.8902841693711	17128.6476342818	20075.7766181597	13.2767786402011	17128.93642399	20088.5801849881	0.6995930020636776
113120_113120_402_0	14.0965903983208	17128.3545553083	20062.7828856329	13.2767786402011	17128.93642399	20088.5801849881	0.7102313814611729
113120_113120_402_0	14.3344862270391	17128.0565302972	20049.5698692453	13.2767786402011	17128.93642399	20088.5801849881	0.7225833113952168
85176_85176_390_0	14.0933271818897	17128.6372952356	20075.3182338572	13.6291446464472	17128.9303063644	20088.3089584678	0.6926719512273339
85176_85176_390_0	13.7008526933483	17128.3524439538	20062.6892781838	13.6291446464472	17128.9303063644	20088.3089584678	0.6720303276577473
85176_85176_390_0	13.9493949142388	17128.0624252878	20049.8312251863	13.6291446464472	17128.9303063644	20088.3089584678	0.685069485654893
124681_124681_406_0	12.0962922586084	17128.804303564	20082.722591539	12.7672552650983	17129.0557947984	20093.8725208292	0.6366838707635595
124681_124681_406_0	12.2390389862427	17128.5498445153	20071.4410834241	12.7672552650983	17129.0557947984	20093.8725208292	0.6434045385735538
124681_124681_406_0	12.8476083066969	17128.2827328416	20059.5986178896	12.7672552650983	17129.0557947984	20093.8725208292	0.6724356851563127
124681_124681_406_0	12.3152333857681	17128.0266896526	20048.2468765041	12.7672552650983	17129.0557947984	20093.8725208292	0.6470058984980855
107907_107907_400_0	11.0941680515072	17128.7799022513	20081.6407529898	9.33832060262826	17129.0105585513	20091.8669600509	0.7396666605259331
107907_107907_400_0	12.9561932820482	17128.5105330123	20069.6981977112	9.33832060262826	17129.0105585513	20091.8669600509	0.8158449080576349
107907_107907_400_0	12.7954694372955	17128.2445053458	20057.9037919206	9.33832060262826	17129.0105585513	20091.8669600509	0.809164108960849
107907_107907_400_0	12.6369103411799	17127.9817742451	20046.25554023	9.33832060262826	17129.0105585513	20091.8669600509	0.802591527876007
106715_106715_399_0	12.6107472253461	17128.6837097932	20077.3760353408	12.9758384328066	17128.9458969426	20089.0001708075	0.6507143973322078
106715_106715_399_0	13.25928862332	17128.4080389686	20065.154097624	12.9758384328066	17128.9458969426	20089.0001708075	0.68242887217968
106715_106715_399_0	12.3773628925635	17128.1507040593	20053.7450874827	12.9758384328066	17128.9458969426	20089.0001708075	0.6394763827954341
106715_106715_399_0	12.6103281088137	17127.8885256236	20042.1213383426	12.9758384328066	17128.9458969426	20089.0001708075	0.6506941312992934
92164_92164_392_0	11.9462691274298	17128.6683786999	20076.6963273313	11.7629737998185	17128.9167508378	20087.7079706683	0.6772365569951052
92164_92164_392_0	11.4781213075447	17128.4297397159	20066.1162059001	11.7629737998185	17128.9167508378	20087.7079706683	0.6565290047830956
92164_92164_392_0	11.8228640221351	17128.1839332652	20055.2183129726	11.7629737998185	17128.9167508378	20087.7079706683	0.6717489425577048
92164_92164_392_0	12.2325272451912	17127.9296096006	20043.9428071475	11.7629737998185	17128.9167508378	20087.7079706683	0.690044238898654
96367_96367_394_0	13.9011909324679	17128.6886201081	20077.5937354282	13.5438397850845	17128.9776365762	20090.4073557205	0.6868852438765878
96367_96367_394_0	12.9246590604311	17128.4199064898	20065.6802472665	13.5438397850845	17128.9776365762	20090.4073557205	0.6366787529963205
96367_96367_394_0	12.81765158081	17128.1534176395	20053.8653947699	13.5438397850845	17128.9776365762	20090.4073557205	0.6312877707978936
96367_96367_394_0	13.5392110884892	17127.8719270112	20041.3854345429	13.5438397850845	17128.9776365762	20090.4073557205	0.66806751526588
103443_103443_397_0	13.2807824817163	17128.7704125974	20081.2200267183	13.2567851961267	17129.0465302959	20093.4617767044	0.6695893345280605
103443_103443_397_0	13.8854938570785	17128.4817224836	20068.4208754283	13.2567851961267	17129.0465302959	20093.4617767044	0.7003198896411305
103443_103443_397_0	13.936506673801	17128.191971774	20055.5747023496	13.2567851961267	17129.0465302959	20093.4617767044	0.7029401964994422
103443_103443_397_0	13.5265340305308	17127.9107447115	20043.1064273809	13.2567851961267	17129.0465302959	20093.4617767044	0.6820033550811484
115306_115306_403_0	11.6489361105684	17128.691547897	20077.7235397112	10.7216362464984	17128.9337382524	20088.4611121145	0.7085308287812981
115306_115306_403_0	12.8190789526293	17128.4250293705	20065.9073715142	10.7216362464984	17128.9337382524	20088.4611121145	0.7588131443557211
115306_115306_403_0	11.5442497188655	17128.1850155259	20055.2662952802	10.7216362464984	17128.9337382524	20088.4611121145	0.7041026883637584
115306_115306_403_0	11.6294597354682	17127.9432300993	20044.5466755024	10.7216362464984	17128.9337382524	20088.4611121145	0.7077060852285048
128704_128704_408_0	16.569057368028	17128.6878367019	20077.559002909	15.4743744153595	17129.0323201683	20092.8317670014	0.7402772763137865
128704_128704_408_0	16.050783252513	17128.3541285535	20062.7639653478	15.4743744153595	17129.0323201683	20092.8317670014	0.7061069030358814
128704_128704_408_0	15.7075267846063	17128.0275569715	20048.2853293139	15.4743744153595	17129.0323201683	20092.8317670014	0.6838512910653642
74291_74291_385_0	8.1129437704491	17075.8759064348	20038.3381990937	8.01377415190587	17068.1890540395	20038.2197871068	0.6750713517093727
74291_74291_385_0	7.65635751973973	17083.1301524649	20038.4499470032	8.01377415190587	17068.1890540395	20038.2197871068	0.658367637055601
74291_74291_385_0	7.58137706491766	17090.3133560097	20038.56060054	8.01377415190587	17068.1890540395	20038.2197871068	0.6556435583091837
74291_74291_385_0	8.2792072037621	17098.1577396916	20038.6814392149	8.01377415190587	17068.1890540395	20038.2197871068	0.6812024822806586
74291_74291_385_0	7.35550336119855	17105.1269324075	20038.7887960255	8.01377415190587	17068.1890540395	20038.2197871068	0.6474704041044406
74291_74291_385_0	7.32502043549107	17112.0672431595	20038.8957079243	8.01377415190587	17068.1890540395	20038.2197871068	0.6463712082034978
74291_74291_385_0	8.43110750086276	17120.0533952054	20038.8434641918	8.01377415190587	17068.1890540395	20038.2197871068	0.6868261964830705
74291_74291_385_0	3.93110750086276	17123.7613161618	20038.5132217729	8.01377415190587	17068.1890540395	20038.2197871068	0.5300721982797469
107767_107767_400_0	11.4186012999213	17128.8895151897	20086.5004711289	9.91501880025605	17129.126916707	20097.0257291472	0.7308277779884174
107767_107767_400_0	12.0590385248471	17128.6387984892	20075.3848809973	9.91501880025605	17129.126916707	20097.0257291472	0.7572994672141958
107767_107767_400_0	12.0196743779635	17128.3889001997	20064.3055753274	9.91501880025605	17129.126916707	20097.0257291472	0.7556616366735897
107767_107767_400_0	12.7742623941792	17128.123313444	20052.5307174301	9.91501880025605	17129.126916707	20097.0257291472	0.7872910895151776
107767_107767_400_0	11.9479167672392	17127.8749070504	20041.5175553577	9.91501880025605	17129.126916707	20097.0257291472	0.7526795627778936
117170_117170_404_0	12.3238020750856	17128.8358497933	20084.1212018194	12.881805729859	17129.092071132	20095.480841516	0.6416819852135209
117170_117170_404_0	12.476257512432	17128.5764587887	20072.6210341568	12.881805729859	17129.092071132	20095.480841516	0.6489622917674271
117170_117170_404_0	13.2129658511304	17128.3017510501	20060.4417951136	12.881805729859	17129.092071132	20095.480841516	0.6846889057740406
117170_117170_404_0	13.3221084727602	17128.0247741524	20048.1619523079	12.881805729859	17129.092071132	20095.480841516	0.6900563084668574
122879_122879_406_0	13.9656497052135	17128.7431042686	20080.0093048546	12.4440948057958	17129.0334608842	20092.8823409366	0.7415296300108452
122879_122879_406_0	14.6728761406578	17128.4380438705	20066.4843727552	12.4440948057958	17129.0334608842	20092.8823409366	0.7764172656983227
122879_122879_406_0	14.3895679018423	17128.1388736689	20053.2205840511	12.4440948057958	17129.0334608842	20092.8823409366	0.7623682952465762
90673_90673_391_0	11.8014976755842	17128.7557176947	20080.5685243834	11.7645565386056	17129.0010799225	20091.4467225774	0.6707299724113865
90673_90673_391_0	11.611638887961	17128.5143027773	20069.8653312251	11.7645565386056	17129.0010799225	20091.4467225774	0.6623326757413065
90673_90673_391_0	11.7250233544163	17128.2705305095	20059.0576243234	11.7645565386056	17129.0010799225	20091.4467225774	0.6673416355962485
118544_118544_405_0	11.0361674116269	17128.7045870505	20078.3016339736	12.4816927847105	17128.9340374726	20088.4743781206	0.6025660668648352
90673_90673_391_0	12.1043468072205	17128.0188718149	20047.9002706386	11.7645565386056	17129.0010799225	20091.4467225774	0.6842258382250096
118544_118544_405_0	11.3309662800042	17128.4690075329	20067.8571547803	12.4816927847105	17128.9340374726	20088.4743781206	0.6157750331242104
118544_118544_405_0	12.3118925680943	17128.213033802	20056.5084928409	12.4816927847105	17128.9340374726	20088.4743781206	0.6607594664256873
118544_118544_405_0	12.2591803508881	17127.9581559988	20045.2084191369	12.4816927847105	17128.9340374726	20088.4743781206	0.6583030572674189
95345_95345_394_0	11.5606316397879	17128.8910005146	20086.5663233929	11.5042350071696	17129.131354952	20097.2224998954	0.6717017163668288
95345_95345_394_0	10.9991021296456	17128.6623207083	20076.4277446963	11.5042350071696	17129.131354952	20097.2224998954	0.6474557348070327
94889_94889_393_0	11.7530217615674	17128.8372665446	20084.1840138555	11.4731938502208	17129.0816209208	20095.0175286868	0.6814568513306095
95345_95345_394_0	10.7941500273281	17128.437902014	20066.4780835126	11.5042350071696	17129.131354952	20097.2224998954	0.6387127707392342
94889_94889_393_0	10.6646882643852	17128.6155394601	20074.3536858916	11.4731938502208	17129.0816209208	20095.0175286868	0.6346290665514119
95345_95345_394_0	11.4194222463508	17128.2004834287	20055.9520687753	11.5042350071696	17129.131354952	20097.2224998954	0.6655649290883127
94889_94889_393_0	11.705812578154	17128.3721665992	20063.563686796	11.4731938502208	17129.0816209208	20095.0175286868	0.6793931669624055
95345_95345_394_0	12.015648794894	17127.9506688341	20044.8764737438	11.5042350071696	17129.131354952	20097.2224998954	0.6916519314109904
94889_94889_393_0	12.1972446197213	17128.1185764875	20052.3207032323	11.4731938502208	17129.0816209208	20095.0175286868	0.7010130613879391
94889_94889_393_0	11.1834217403461	17127.8860645345	20042.0122253152	11.4731938502208	17129.0816209208	20095.0175286868	0.6567509481194017
111779_111779_401_0	12.8950747912653	17128.8191661025	20083.3815260486	12.6570124801618	17129.087264641	20095.2677444898	0.679995794194785
111779_111779_401_0	12.9508669610504	17128.5499076018	20071.4438803821	12.6570124801618	17129.087264641	20095.2677444898	0.682675041189217
111779_111779_401_0	12.5945919116164	17128.2880563339	20059.8346363054	12.6570124801618	17129.087264641	20095.2677444898	0.6656489190406444
111779_111779_401_0	12.7170011173139	17128.0236600842	20048.1125598038	12.6570124801618	17129.087264641	20095.2677444898	0.6714764706655771
122016_122016_406_0	13.220457349263	17128.607936168	20074.0165919587	13.4369061513215	17128.8827996606	20086.2027363968	0.657307345071986
122016_122016_406_0	14.3937069976579	17128.3086799115	20060.7489879842	13.4369061513215	17128.8827996606	20086.2027363968	0.7180535463158149
122016_122016_406_0	14.4999733175727	17128.0072142963	20047.3834315191	13.4369061513215	17128.8827996606	20086.2027363968	0.7236706739850723
104609_104609_397_0	7.34660811238922	17078.6074096022	20038.3802764877	8.11751229526475	17071.646644957	20038.2730495072	0.6432692676248384
104609_104609_397_0	7.42936010538601	17085.6465801101	20038.48871127	8.11751229526475	17071.646644957	20038.2730495072	0.6462574099019393
104609_104609_397_0	7.55479683679063	17092.8045994189	20038.5989768567	8.11751229526475	17071.646644957	20038.2730495072	0.6507997834998345
104609_104609_397_0	7.22501824133564	17099.6501600866	20038.7044291795	8.11751229526475	17071.646644957	20038.2730495072	0.6388910662410927
104609_104609_397_0	7.770008844845	17107.0120884803	20038.8178358801	8.11751229526475	17071.646644957	20038.2730495072	0.6586290296855659
104609_104609_397_0	7.76719436367043	17114.3713502092	20038.9312015022	8.11751229526475	17071.646644957	20038.2730495072	0.6585263505861411
104609_104609_397_0	7.85905070615467	17121.8117668283	20038.7407716951	8.11751229526475	17071.646644957	20038.2730495072	0.6618814395582807
147549_147549_416_0	13.2983076440554	17128.7399927151	20079.8713533214	12.5831047096773	17129.0164747752	20092.129257375	0.7028747842410334
147549_147549_416_0	12.7383957521209	17128.4751516545	20068.1295560111	12.5831047096773	17129.0164747752	20092.129257375	0.6760173345543614
147549_147549_416_0	13.2434853875927	17128.1998093913	20055.9221851515	12.5831047096773	17129.0164747752	20092.129257375	0.7002246815268818
147549_147549_416_0	13.2219537840142	17127.9249147867	20043.7346613535	12.5831047096773	17129.0164747752	20092.129257375	0.6991850380853705
132518_132518_410_0	11.8887778365539	17128.7766233965	20081.4953841113	12.0182154260596	17129.0238002461	20092.4540340339	0.6631114333296259
132518_132518_410_0	11.6971111682962	17128.5334314446	20070.7134056639	12.0182154260596	17129.0238002461	20092.4540340339	0.6545150040466654
132518_132518_410_0	12.1562008291503	17128.2806946649	20059.5082547974	12.0182154260596	17129.0238002461	20092.4540340339	0.6751934112576038
132518_132518_410_0	12.7309208308599	17128.0160090137	20047.7733476021	12.0182154260596	17129.0238002461	20092.4540340339	0.701494274932553
135867_135867_411_0	13.7614881100938	17128.786764124	20081.9449759027	13.942586328356	17129.0728760628	20094.6298231331	0.6585477175616297
135867_135867_411_0	14.6266618527579	17128.4826645566	20068.4626424799	13.942586328356	17129.0728760628	20094.6298231331	0.7054903774512409
135867_135867_411_0	14.0173279149099	17128.1912335111	20055.5419712737	13.942586328356	17129.0728760628	20094.6298231331	0.6722767254621811
135867_135867_411_0	12.0998609895954	17127.9396680801	20044.388752455	13.942586328356	17129.0728760628	20094.6298231331	0.5727722202586456
95026_95026_393_0	8.38907963686594	17082.7220031699	20038.4436596743	7.85281643566647	17074.7735175493	20038.3212173629	0.6912506723727468
95026_95026_393_0	7.65136229888973	17089.9715163279	20038.5553346764	7.85281643566647	17074.7735175493	20038.3212173629	0.6641782142109498
95026_95026_393_0	8.15610173439578	17097.6992600331	20038.6743765728	7.85281643566647	17074.7735175493	20038.3212173629	0.6826471175155202
95026_95026_393_0	7.89641860301578	17105.1809591512	20038.7896282795	7.85281643566647	17074.7735175493	20038.3212173629	0.6731155801806643
95026_95026_393_0	7.24241166195803	17112.042999738	20038.895334467	7.85281643566647	17074.7735175493	20038.3212173629	0.6493900961716264
95026_95026_393_0	7.7336448911528	17119.368786063	20038.8708485575	7.85281643566647	17074.7735175493	20038.3212173629	0.6671728474361598
95026_95026_393_0	4.10258289804479	17123.2421726279	20038.5738158131	7.85281643566647	17074.7735175493	20038.3212173629	0.541539879245383
141146_141146_414_0	12.244660523553	17128.8331049487	20083.9995084197	10.4835347045637	17129.0876808735	20095.2861982666	0.7433119427158954
141146_141146_414_0	12.7906551686227	17128.5671773746	20072.2095402496	10.4835347045637	17129.0876808735	20095.2861982666	0.7667165956398534
141146_141146_414_0	12.7292008724641	17128.3025274826	20060.4762184504	10.4835347045637	17129.0876808735	20095.2861982666	0.7640683069031348
141146_141146_414_0	12.6441966433377	17128.0396448941	20048.8212505073	10.4835347045637	17129.0876808735	20095.2861982666	0.7604109206756935
141146_141146_414_0	8.14419664333772	17127.8703207721	20041.3142215138	10.4835347045637	17129.0876808735	20095.2861982666	0.5779646284249988
104989_104989_398_0	7.11449600634127	17078.329122189	20038.375989614	7.24582626345995	17071.5882791344	20038.2721504119	0.6671491772385602
104989_104989_398_0	7.97710297919306	17085.8872681441	20038.4924189448	7.24582626345995	17071.5882791344	20038.2721504119	0.6984486848083666
104989_104989_398_0	7.8924806524204	17093.3652361325	20038.6076131754	7.24582626345995	17071.5882791344	20038.2721504119	0.695349350022323
104989_104989_398_0	7.9745137223877	17100.9209288185	20038.7240047148	7.24582626345995	17071.5882791344	20038.2721504119	0.6983537609932686
104989_104989_398_0	8.22198070009667	17108.7110915296	20038.8440081437	7.24582626345995	17071.5882791344	20038.2721504119	0.707451793896251
108163_108163_400_0	7.70343735191741	17079.367134257	20038.3919796533	8.18127280137738	17072.068281025	20038.2795445929	0.6538115566829465
104989_104989_398_0	7.98069386683832	17116.2726397791	20038.960489885	7.24582626345995	17071.5882791344	20038.2721504119	0.698580338538498
108163_108163_400_0	7.95871805259263	17086.9078608609	20038.5081406479	8.18127280137738	17072.068281025	20038.2795445929	0.6631418715938795
104989_104989_398_0	5.97924337215587	17121.931180053	20038.7268338739	7.24582626345995	17071.5882791344	20038.2721504119	0.6269960558617453
108163_108163_400_0	8.52254720487868	17094.98280434	20038.6325309773	8.18127280137738	17072.068281025	20038.2795445929	0.6839700136145999
108163_108163_400_0	7.61568644099639	17102.1985153343	20038.7436852745	8.18127280137738	17072.068281025	20038.2795445929	0.6506190114605664
148711_148711_417_0	11.2596630933229	17128.8216111679	20083.4899286572	8.8093451730907	17129.0557082374	20093.8686831249	0.7660099800464364
108163_108163_400_0	8.18371030783051	17109.9524176121	20038.8631301302	8.18127280137738	17072.068281025	20038.2795445929	0.6714171993722626
148711_148711_417_0	13.042394420621	17128.5504497408	20071.4679162541	8.8093451730907	17129.0557082374	20093.8686831249	0.838217212672601
108163_108163_400_0	7.80233994086043	17117.3446694638	20038.9518132215	8.18127280137738	17072.068281025	20038.2795445929	0.657418857978786
148711_148711_417_0	13.3930578926331	17128.27199775	20059.1226748124	8.8093451730907	17129.0557082374	20093.8686831249	0.8526708684943494
108163_108163_400_0	5.15403379649763	17122.2197253649	20038.6931550836	8.18127280137738	17072.068281025	20038.2795445929	0.5643000156826088
148711_148711_417_0	14.0652107798713	17127.9795711829	20046.1578668949	8.8093451730907	17129.0557082374	20093.8686831249	0.8805751051387264
108163_108163_400_0	1.41886746095204	17123.5551676311	20038.5372832733	8.18127280137738	17072.068281025	20038.2795445929	0.4464644495439505
129595_129595_409_0	12.8790094518759	17128.7885613911	20082.0246582044	11.869098334421	17129.0563259188	20093.8960681907	0.7148173438264042
129595_129595_409_0	13.6850263987625	17128.5040391501	20069.410290643	11.869098334421	17129.0563259188	20093.8960681907	0.7522836812622616
129040_129040_408_0	13.8165652462874	17128.7036650117	20078.2607551437	13.2932433928729	17128.9909220466	20090.9963705071	0.6950012395894313
129595_129595_409_0	12.9474931600461	17128.2348507933	20057.4757548255	11.869098334421	17129.0563259188	20093.8960681907	0.7179700280596376
129040_129040_408_0	13.6803545873824	17128.4192399013	20065.6506938908	13.2932433928729	17128.9909220466	20090.9963705071	0.6880250677068029
129595_129595_409_0	14.0120474867713	17127.943529532	20044.5599509289	11.869098334421	17129.0563259188	20093.8960681907	0.7677003291774223
129040_129040_408_0	13.55179430583	17128.1374876582	20053.1591349044	13.2932433928729	17128.9909220466	20090.9963705071	0.6814694834158564
129040_129040_408_0	12.6857761431647	17127.8737405998	20041.4658404665	13.2932433928729	17128.9909220466	20090.9963705071	0.6380665108032273
136728_136728_411_0	11.3613838374688	17128.8839384756	20086.2532260586	11.6838455104808	17129.1201503977	20096.7257430678	0.6550077657452528
136728_136728_411_0	11.938865768777	17128.6357202593	20075.2484068726	11.6838455104808	17129.1201503977	20096.7257430678	0.6804157051081312
136728_136728_411_0	11.582664469404	17128.3949077424	20064.5719212963	11.6838455104808	17129.1201503977	20096.7257430678	0.664690242602239
136728_136728_411_0	11.2729233496663	17128.160534982	20054.1809439989	11.6838455104808	17129.1201503977	20096.7257430678	0.6511559505591425
136728_136728_411_0	11.0018019551251	17127.9317990442	20044.0398766998	11.6838455104808	17129.1201503977	20096.7257430678	0.6394189205632232
129350_129350_408_0	11.0222792997854	17128.7850748012	20081.8700793369	9.29194126805666	17129.0142364788	20092.0300219195	0.7385352945371152
129350_129350_408_0	13.189924090066	17128.5108461187	20069.7120793645	9.29194126805666	17129.0142364788	20092.0300219195	0.8272397265995607
129350_129350_408_0	14.6782019869555	17128.2056749921	20056.1822380906	9.29194126805666	17129.0142364788	20092.0300219195	0.8900360901509019
129350_129350_408_0	15.0767471630082	17127.8922178044	20042.285032137	9.29194126805666	17129.0142364788	20092.0300219195	0.907062187896103
123922_123922_406_0	5.98636073839132	17077.5570769826	20038.3640966568	6.71168293993667	17071.8851195917	20038.2767230857	0.6465475381506686
123922_123922_406_0	5.49229658826933	17082.7609184462	20038.444259144	6.71168293993667	17071.8851195917	20038.2767230857	0.6293709236572365
123922_123922_406_0	6.20785432556857	17088.6427365929	20038.5348655116	6.71168293993667	17071.8851195917	20038.2767230857	0.6543218945188803
123922_123922_406_0	6.32507128355772	17094.6356154691	20038.6271827122	6.71168293993667	17071.8851195917	20038.2767230857	0.6584543733029744
123922_123922_406_0	6.02814758765724	17100.3471650662	20038.7151661808	6.71168293993667	17071.8851195917	20038.2767230857	0.6480107796149351
123922_123922_406_0	5.95531390501399	17105.9897062017	20038.8020866097	6.71168293993667	17071.8851195917	20038.2767230857	0.6454614262029365
123922_123922_406_0	5.72482080120806	17111.413859719	20038.8856428902	6.71168293993667	17071.8851195917	20038.2767230857	0.6374262104384435
123922_123922_406_0	5.61330769764007	17116.732356795	20038.9675715879	6.71168293993667	17071.8851195917	20038.2767230857	0.6335566837764657
123922_123922_406_0	5.64026849415157	17122.0688072679	20038.7107701296	6.71168293993667	17071.8851195917	20038.2767230857	0.6344911503439532
152890_152890_419_0	12.8460390581625	17128.8156623284	20083.2261853124	11.5109675397406	17129.0827413763	20095.0672043698	0.7284425088432953
152890_152890_419_0	13.3099478551062	17128.5389382593	20070.9575517289	11.5109675397406	17129.0827413763	20095.0672043698	0.7495091899404921
152890_152890_419_0	13.7842928966383	17128.2523521914	20058.2516838624	11.5109675397406	17129.0827413763	20095.0672043698	0.7712927332912713
152890_152890_419_0	13.2394554197664	17127.9770937144	20046.0480276829	11.5109675397406	17129.0827413763	20095.0672043698	0.746292565666155
145384_145384_416_0	13.2096870242787	17128.6786547643	20077.1519193206	13.397489854268	17128.9532943335	20089.3281360585	0.6588077908880662
145384_145384_416_0	13.5376073032554	17128.3971974799	20064.6734374055	13.397489854268	17128.9532943335	20089.3281360585	0.6754966615239335
145384_145384_416_0	12.8704302848719	17128.1296113197	20052.8099353883	13.397489854268	17128.9532943335	20089.3281360585	0.6417491358733547
151384_151384_418_0	13.3643431582403	17128.7684899351	20081.1347849822	11.9526856012703	17129.0463449244	20093.4535582094	0.7337673669485085
151384_151384_418_0	13.1152421722104	17128.4958139471	20069.0456241288	11.9526856012703	17129.0463449244	20093.4535582094	0.7221488517630035
151384_151384_418_0	12.5969571696044	17128.2339135036	20057.4341998419	11.9526856012703	17129.0463449244	20093.4535582094	0.6982258221325937
151384_151384_418_0	11.7556063910309	17127.9895053909	20046.5983025917	11.9526856012703	17129.0463449244	20093.4535582094	0.660153354291592
123643_123643_406_0	14.8507157673383	17128.7689377069	20081.1546370633	14.970790604737	17129.0776955278	20094.8434953659	0.6613026084481325
123643_123643_406_0	14.9411577048035	17128.4582995284	20067.3824126196	14.970790604737	17129.0776955278	20094.8434953659	0.6667221608611152
123643_123643_406_0	15.5230083116585	17128.1355642277	20053.0738591104	14.970790604737	17129.0776955278	20094.8434953659	0.7020659821161057
118383_118383_405_0	13.5592347152743	17128.798683883	20082.4734415183	12.0350772255776	17129.080590818	20094.9718588078	0.7394515608357881
118383_118383_405_0	13.7503574654439	17128.5128033588	20069.7988541177	12.0350772255776	17129.080590818	20094.9718588078	0.7485025671470739
118383_118383_405_0	13.6927037374794	17128.2281215001	20057.1774098603	12.0350772255776	17129.080590818	20094.9718588078	0.7457676628918816
118383_118383_405_0	13.7550653812221	17127.9421430948	20044.4984828714	12.0350772255776	17129.080590818	20094.9718588078	0.7487260691462604
135727_135727_411_0	8.17162480025288	17081.5920139254	20038.4262527742	8.4828299130473	17073.8495624249	20038.3069843119	0.6596051382937971
135727_135727_411_0	7.83084589756761	17089.011584213	20038.5405474185	8.4828299130473	17073.8495624249	20038.3069843119	0.6470768634415563
135727_135727_411_0	8.25927333789148	17096.8370809546	20038.6610951498	8.4828299130473	17073.8495624249	20038.3069843119	0.6628460595323105
135727_135727_411_0	8.4110748527033	17104.8064066035	20038.7838584912	8.4828299130473	17073.8495624249	20038.3069843119	0.6684769269690383
135727_135727_411_0	8.70188422945064	17113.0512683361	20038.9108663234	8.4828299130473	17073.8495624249	20038.3069843119	0.6793263528135425
135727_135727_411_0	7.22487289157162	17119.8946452522	20038.8498141899	8.4828299130473	17073.8495624249	20038.3069843119	0.6250904406918691
135727_135727_411_0	4.03917950641563	17123.7052282387	20038.5197683128	8.4828299130473	17073.8495624249	20038.3069843119	0.5161244072707456
153377_153377_420_0	14.8014437007266	17128.5525072265	20071.5591354162	13.9693603724954	17128.8602406431	20085.2025764912	0.7137888972620332
153377_153377_420_0	14.5015071775546	17128.2510097212	20058.1921650939	13.9693603724954	17128.8602406431	20085.2025764912	0.6972220790466742
153377_153377_420_0	14.243382537087	17127.954878826	20045.0631248272	13.9693603724954	17128.8602406431	20085.2025764912	0.6831004558569522
135253_135253_411_0	13.1692080955293	17128.6312181735	20075.0488057254	13.5280621557535	17128.9050161545	20087.1877104355	0.6499188111872451
135253_135253_411_0	13.0497587575151	17128.3599036361	20063.0200051401	13.5280621557535	17128.9050161545	20087.1877104355	0.6438511189089933
135253_135253_411_0	13.6467497282235	17128.0761771967	20050.4409196437	13.5280621557535	17128.9050161545	20087.1877104355	0.6744454202651192
148928_148928_417_0	13.3402049778075	17128.6240635409	20074.7316032289	13.6343739624181	17128.9014166789	20087.0281267453	0.6530369748648498
148928_148928_417_0	13.7429249920696	17128.3383375436	20062.0638668163	13.6343739624181	17128.9014166789	20087.0281267453	0.6739579930081157
129462_129462_408_0	11.587619853375	17128.806433279	20082.8170130038	11.5843613097039	17129.0473488221	20093.4980662757	0.6693417472725709
148928_148928_417_0	12.95326133613	17128.069029262	20050.1240141005	13.6343739624181	17128.9014166789	20087.0281267453	0.6332311254848462
129462_129462_408_0	11.7029677146408	17128.5631195649	20072.0296362016	11.5843613097039	17129.0473488221	20093.4980662757	0.6743949186955922
129462_129462_408_0	11.3832183014662	17128.3264536875	20061.536992965	11.5843613097039	17129.0473488221	20093.4980662757	0.660430828930519
140910_140910_414_0	12.4235740671656	17128.7381866391	20079.7912804723	12.6078593937801	17128.9964823143	20091.2428864205	0.6599305658656087
129462_129462_408_0	11.9323183185947	17128.0783715977	20050.5382089842	11.5843613097039	17129.0473488221	20093.4980662757	0.6844941451569126
140910_140910_414_0	11.0922551569021	17128.5075701096	20069.566836649	12.6078593937801	17128.9964823143	20091.2428864205	0.5986609597581343
140910_140910_414_0	11.3924521251108	17128.2707122538	20059.0656820042	12.6078593937801	17128.9964823143	20091.2428864205	0.6122145210750967
140910_140910_414_0	11.6616700018306	17128.028257151	20048.3163719556	12.6078593937801	17128.9964823143	20091.2428864205	0.6245016970580932
152451_152451_419_0	11.9429613637654	17128.684795291	20077.424161167	12.312429728467	17128.9330986579	20088.4327555258	0.6518025797997331
152451_152451_419_0	11.8526223326018	17128.4383701421	20066.4988380939	12.312429728467	17128.9330986579	20088.4327555258	0.6476812255237281
146979_146979_416_0	12.5109800517391	17128.862185151	20085.288786753	13.1565374230291	17129.122298064	20096.8209604097	0.6366380125827782
152451_152451_419_0	11.5526040949542	17128.1981826036	20055.850061095	12.312429728467	17128.9330986579	20088.4327555258	0.6340851450028151
146979_146979_416_0	12.4975041340975	17128.6023524127	20073.769034715	13.1565374230291	17129.122298064	20096.8209604097	0.6359826090435986
152451_152451_419_0	11.5008251771014	17127.9590715886	20045.2490120494	12.312429728467	17128.9330986579	20088.4327555258	0.6317529839645873
146979_146979_416_0	11.570848275233	17128.3617855636	20063.1034408836	13.1565374230291	17129.122298064	20096.8209604097	0.5917297352829514
146979_146979_416_0	11.6444659236874	17128.1196881469	20052.3699889385	13.1565374230291	17129.122298064	20096.8209604097	0.5951852905034354
146979_146979_416_0	11.6148023367015	17127.8782074589	20041.6638798264	13.1565374230291	17129.122298064	20096.8209604097	0.5937916301779301
155360_155360_420_0	11.7743782484548	17128.8529828092	20084.8807985334	10.8583732907087	17129.0977812032	20095.73399901	0.70829209663575
155360_155360_420_0	12.3173151335556	17128.596896339	20073.5271382673	10.8583732907087	17129.0977812032	20095.73399901	0.731641348098448
155360_155360_420_0	12.2116139707731	17128.3430074775	20062.2709095501	10.8583732907087	17129.0977812032	20095.73399901	0.7270707702677102
155360_155360_420_0	11.8265798465924	17128.097123772	20051.3695915085	10.8583732907087	17129.0977812032	20095.73399901	0.7105230938774241
161826_161826_421_0	10.8015670275016	17128.898094093	20086.8808190356	10.2574799526502	17129.1226669924	20096.8373169446	0.6920785042081368
161826_161826_421_0	11.1760250941318	17128.6657359219	20076.5791590822	10.2574799526502	17129.1226669924	20096.8373169446	0.7074358439552003
161826_161826_421_0	11.0258516054766	17128.4364999734	20066.4159236762	10.2574799526502	17129.1226669924	20096.8373169446	0.7012591057504167
161826_161826_421_0	10.5085321209792	17128.2180194955	20056.7295348566	10.2574799526502	17129.1226669924	20096.8373169446	0.6801654533960784
161826_161826_421_0	11.1095830928235	17127.9870427048	20046.4891187621	10.2574799526502	17129.1226669924	20096.8373169446	0.7047001268990972
127877_127877_407_0	11.7594562803054	17128.6940309882	20077.8336282072	12.1649426003111	17128.9385191431	20088.6730741475	0.6504558347095316
127877_127877_407_0	12.5339429932305	17128.433440658	20066.2802881329	12.1649426003111	17128.9385191431	20088.6730741475	0.6858266021450774
127877_127877_407_0	11.8608785895988	17128.1868438552	20055.3473547376	12.1649426003111	17128.9385191431	20088.6730741475	0.6550377915979996
116549_116549_404_0	11.9132102549095	17128.6550237262	20076.1042310993	11.8649603030664	17128.9027085447	20087.0854019508	0.6711895327822417
127877_127877_407_0	12.0846097214272	17127.9355955099	20044.2081939921	12.1649426003111	17128.9385191431	20088.6730741475	0.6651992828809108
116549_116549_404_0	12.2193998405264	17128.4009729905	20064.840825646	11.8649603030664	17128.9027085447	20087.0854019508	0.6849436229205735
127265_127265_407_0	12.0883512934104	17128.8425151224	20084.4167109176	11.3755092477964	17129.0938412579	20095.5593205103	0.7003616289144884
116549_116549_404_0	12.1300921143285	17128.1487790311	20053.6597408585	11.8649603030664	17128.9027085447	20087.0854019508	0.6809187624326319
127265_127265_407_0	12.293574609128	17128.586922236	20073.0849338173	11.3755092477964	17129.0938412579	20095.5593205103	0.7094123021230482
148142_148142_417_0	12.8825437737037	17128.7571307777	20080.6311737866	13.0076517303683	17129.0249687867	20092.5058415842	0.6623379355660592
116549_116549_404_0	12.5191570386077	17127.8884961123	20042.120029948	11.8649603030664	17128.9027085447	20087.0854019508	0.6985305081149996
127265_127265_407_0	12.4643201550306	17128.3277794182	20061.5957695835	11.3755092477964	17129.0938412579	20095.5593205103	0.7169805197578758
148142_148142_417_0	12.1473448566316	17128.5045781206	20069.4341860386	13.0076517303683	17129.0249687867	20092.5058415842	0.6268520133748456
127265_127265_407_0	12.6853238756123	17128.0640417629	20049.9028920297	11.3755092477964	17129.0938412579	20095.5593205103	0.726826702553874
148142_148142_417_0	11.8789997057965	17128.2576045658	20058.484549247	13.0076517303683	17129.0249687867	20092.5058415842	0.6141396768689077
148142_148142_417_0	12.7134823922277	17127.9932814732	20046.7657161802	13.0076517303683	17129.0249687867	20092.5058415842	0.6540945838007824
126937_126937_407_0	9.43379646355642	17085.2463548517	20038.4825460068	9.32187853266841	17076.3080208765	20038.3448555932	0.6749372733760904
126937_126937_407_0	9.04461046582909	17093.815942857	20038.6145560794	9.32187853266841	17076.3080208765	20038.3448555932	0.6600123921498982
126937_126937_407_0	9.51070211378282	17102.8271434017	20038.7533689649	9.32187853266841	17076.3080208765	20038.3448555932	0.6779049497281362
126937_126937_407_0	9.16553279678227	17111.5113029036	20038.8871439521	9.32187853266841	17076.3080208765	20038.3448555932	0.6646328209103297
126937_126937_407_0	8.9335265053658	17119.9735413118	20038.8466583475	9.32187853266841	17076.3080208765	20038.3448555932	0.65578141169987
132468_132468_410_0	12.4102112924759	17128.7947348445	20082.2983598693	11.3319979495813	17129.0527526974	20093.7376484901	0.716393228987916
132468_132468_410_0	13.0004940483565	17128.5244445584	20070.3149697298	11.3319979495813	17129.0527526974	20093.7376484901	0.7427259471911829
105895_105895_399_0	13.1262641716682	17128.7924120788	20082.1953794459	11.5949758452995	17129.0653172226	20094.2946999839	0.7376919505379991
132468_132468_410_0	13.1857289580474	17128.2503030959	20058.1608366799	11.3319979495813	17129.0527526974	20093.7376484901	0.751068519060357
105895_105895_399_0	14.4964692851837	17128.4910193151	20068.8330528725	11.5949758452995	17129.0653172226	20094.2946999839	0.8012618803614656
132468_132468_410_0	12.1892694455418	17127.9968787943	20046.9252043464	11.3319979495813	17129.0527526974	20093.7376484901	0.7066394209887938
105895_105895_399_0	13.2611580085501	17128.2153096245	20056.6093920234	11.5949758452995	17129.0653172226	20094.2946999839	0.7438610170558133
105895_105895_399_0	13.8529171090321	17127.9272968064	20043.8402688139	11.5949758452995	17129.0653172226	20094.2946999839	0.7711605330837344
139272_139272_413_0	12.7873876579059	17128.868627506	20085.5744102351	10.2024907240364	17129.134487146	20097.3613665308	0.7771787084751284
139272_139272_413_0	13.2079587355025	17128.5940238692	20073.3997865719	10.2024907240364	17129.134487146	20097.3613665308	0.7951984704279307
139272_139272_413_0	12.5099446926268	17128.3339324821	20061.8685672723	10.2024907240364	17129.134487146	20097.3613665308	0.7653744569211051
139272_139272_413_0	12.0481729012916	17128.0834416863	20050.7629926835	10.2024907240364	17129.134487146	20097.3613665308	0.7458811301685467
139272_139272_413_0	9.18994441533675	17127.8923756626	20042.2920308201	10.2024907240364	17129.134487146	20097.3613665308	0.6300602231772965
162079_162079_421_0	12.8485500983059	17128.7309246983	20079.4693204396	12.1329863355592	17128.9980559526	20091.3126540839	0.7018622982972128
162079_162079_421_0	12.0984191622449	17128.479389244	20068.3174306458	12.1329863355592	17128.9980559526	20091.3126540839	0.6673083403206171
162079_162079_421_0	12.2380744372824	17128.224950249	20057.0368116175	12.1329863355592	17128.9980559526	20091.3126540839	0.6736813929901532
147575_147575_416_0	12.1353366384254	17128.6572454295	20076.2027308908	12.6784461560567	17128.9095484265	20087.388649893	0.6429394598697495
162079_162079_421_0	12.3593962478083	17127.9679888801	20045.6443624863	12.1329863355592	17128.9980559526	20091.3126540839	0.6792404484231666
147575_147575_416_0	11.9632495971332	17128.4085202546	20065.1754355645	12.6784461560567	17128.9095484265	20087.388649893	0.6349071819492995
147575_147575_416_0	11.9358051357159	17128.1603656712	20054.1734375606	12.6784461560567	17128.9095484265	20087.388649893	0.6336307767777802
147575_147575_416_0	12.0052978152408	17127.9107662814	20043.1073836917	12.6784461560567	17128.9095484265	20087.388649893	0.6368652427762123
141426_141426_415_0	13.2018638378877	17128.8003325118	20082.5465339059	10.7713710625797	17129.0748094309	20094.7155395106	0.7736644726186628
141426_141426_415_0	12.440526196913	17128.5416843888	20071.0793020912	10.7713710625797	17129.0748094309	20094.7155395106	0.7404327278931754
141426_141426_415_0	13.1742550321791	17128.267781478	20058.9357452955	10.7713710625797	17129.0748094309	20094.7155395106	0.7724496510360374
141426_141426_415_0	13.2806060092227	17127.9916674485	20046.6941579754	10.7713710625797	17129.0748094309	20094.7155395106	0.7771331056136949
135807_135807_411_0	10.2955893832259	17128.8405263393	20084.3285377004	8.87823835683521	17129.0545795736	20093.8186435253	0.7253842529735273
135807_135807_411_0	12.424191177194	17128.5822178338	20072.8763629222	8.87823835683521	17129.0545795736	20093.8186435253	0.8104487542970583
135807_135807_411_0	13.114518958712	17128.309556882	20060.7878687012	8.87823835683521	17129.0545795736	20093.8186435253	0.8387524048504083
135807_135807_411_0	12.6346410535602	17128.0468729616	20049.1417087588	8.87823835683521	17129.0545795736	20093.8186435253	0.8190437391330199
158567_158567_421_0	15.5482483711215	17128.7332567964	20079.5727146145	15.0669252723577	17129.0565168575	20093.9045335072	0.6981037795261592
158567_158567_421_0	14.4138349826569	17128.4335820635	20066.2865573837	15.0669252723577	17129.0565168575	20093.9045335072	0.6294271390836439
158567_158567_421_0	15.141087122297	17128.1187871985	20052.3300451583	15.0669252723577	17129.0565168575	20093.9045335072	0.6730775429057458
157929_157929_421_0	15.1337291086635	17128.6696576134	20076.7530282923	13.970095575073	17128.9842994997	20090.7027581641	0.7322966998344412
157929_157929_421_0	14.9132054811188	17128.3596005832	20063.006569208	13.970095575073	17128.9842994997	20090.7027581641	0.7199671237421718
157929_157929_421_0	15.0999788328151	17128.0456603911	20049.0879491326	13.970095575073	17128.9842994997	20090.7027581641	0.7304041693492515
146055_146055_416_0	13.1249725704921	17128.6719020627	20076.8525365365	10.5477440136393	17128.9447803531	20088.9506665228	0.7787706891786544
146055_146055_416_0	12.9696471263866	17128.4022531079	20064.8975799857	10.5477440136393	17128.9447803531	20088.9506665228	0.7720194857469747
146055_146055_416_0	13.7752137731507	17128.1158558019	20052.2000809303	10.5477440136393	17128.9447803531	20088.9506665228	0.8072618185272266
170068_170068_426_0	14.1044775658004	17128.7347251382	20079.6378139321	14.1586461158419	17129.0279680921	20092.6388165675	0.6652772111776757
170068_170068_426_0	13.8233399046302	17128.4473272529	20066.895953931	14.1586461158419	17129.0279680921	20092.6388165675	0.649933257312348
170068_170068_426_0	14.0786579859625	17128.1546211081	20053.9187508602	14.1586461158419	17129.0279680921	20092.6388165675	0.6638610302382703
146896_146896_416_0	13.1714186153924	17128.7763962003	20081.4853113065	12.325679432859	17129.0502401397	20093.6262535947	0.7084548223451875
146896_146896_416_0	13.4409168656999	17128.4969491845	20069.0959551762	12.325679432859	17129.0502401397	20093.6262535947	0.7213067792290796
146896_146896_416_0	12.770214923596	17128.2314465789	20057.3248280924	12.325679432859	17129.0502401397	20093.6262535947	0.6895067351036746
146896_146896_416_0	13.3653817152688	17127.9535699971	20045.0050975605	12.325679432859	17129.0502401397	20093.6262535947	0.7176947861524371
149288_149288_417_0	11.7788385951421	17128.8681766588	20085.554421809	10.2895831271303	17129.1130677869	20096.4117336735	0.731209033525689
149288_149288_417_0	12.9340369058586	17128.5992680679	20073.632289485	10.2895831271303	17129.1130677869	20096.4117336735	0.7801994588479955
149288_149288_417_0	13.5333419308113	17128.3178994639	20061.1577392375	10.2895831271303	17129.1130677869	20096.4117336735	0.8060794409522897
149288_149288_417_0	13.3933402111567	17128.0394416035	20048.8122375647	10.2895831271303	17129.1130677869	20096.4117336735	0.8000072199506983
159442_159442_421_0	11.7761532166607	17128.8721435557	20085.7302952142	12.0010395503005	17129.1169788527	20096.585131793	0.6588469423369172
159442_159442_421_0	11.3134596268979	17128.6369280148	20075.3019530272	12.0010395503005	17129.1169788527	20096.585131793	0.63827820933231
159442_159442_421_0	11.370904335669	17128.4005181542	20064.8206603635	12.0010395503005	17129.1169788527	20096.585131793	0.6408146871087389
157240_157240_421_0	11.7804054801197	17128.7949961166	20082.3099434348	12.1124864821389	17129.0399198214	20093.1686995978	0.6538616707639154
159442_159442_421_0	12.244459443433	17128.14594641	20053.5341558651	12.0010395503005	17129.1169788527	20096.585131793	0.6799793555940399
157240_157240_421_0	11.1613471242529	17128.5629431118	20072.0218131087	12.1124864821389	17129.0399198214	20093.1686995978	0.6262772920437113
159442_159442_421_0	12.215410820917	17127.891978609	20042.2744273473	12.0010395503005	17129.1169788527	20096.585131793	0.6786595757843671
154555_154555_420_0	11.2873819852902	17128.7607445871	20080.7913929662	12.4529541260447	17128.9954179537	20091.1956977165	0.6152471215673014
157240_157240_421_0	12.6201958475544	17128.3005595183	20060.3889682402	12.1124864821389	17129.0399198214	20093.1686995978	0.6921824289946719
154555_154555_420_0	12.6180619364316	17128.4984053593	20069.1605150606	12.4529541260447	17128.9954179537	20091.1956977165	0.6764615850138802
157240_157240_421_0	11.5106600208569	17128.0612440294	20049.7788537876	12.1124864821389	17129.0399198214	20093.1686995978	0.6417707266945972
154555_154555_420_0	11.7991878989829	17128.2530911534	20058.2844459361	12.4529541260447	17128.9954179537	20091.1956977165	0.6384573797711051
154555_154555_420_0	12.2188166773742	17127.9990525421	20047.0215780217	12.4529541260447	17128.9954179537	20091.1956977165	0.6578024271170412
160538_160538_421_0	11.0442008495111	17128.7375122291	20079.7613803319	9.84988756266088	17128.9671296726	20089.9415294144	0.7180674651320659
160538_160538_421_0	9.89423797303011	17128.5318033997	20070.6412258729	9.84988756266088	17128.9671296726	20089.9415294144	0.6720425339868745
129286_129286_408_0	10.7232490832322	17128.9194787972	20087.8289154611	9.07957311075749	17129.1424234062	20097.713222692	0.7346323532033725
160538_160538_421_0	10.8518804618171	17128.3061844453	20060.6383508408	9.84988756266088	17128.9671296726	20089.9415294144	0.710276817165622
129286_129286_408_0	9.73081879516099	17128.7171675784	20078.8593949517	9.07957311075749	17129.1424234062	20097.713222692	0.6957730501370694
146923_146923_416_0	9.24543681535423	17128.8992007748	20086.9298840604	11.1979986405903	17129.0914205283	20095.4519968322	0.5888427174406847
160538_160538_421_0	11.0346652971827	17128.0767652533	20050.4669912891	9.84988756266088	17128.9671296726	20089.9415294144	0.717680338294254
129286_129286_408_0	10.4395795607196	17128.5001206773	20069.2365641344	9.07957311075749	17129.1424234062	20097.713222692	0.7234334730281605
146923_146923_416_0	10.6093807582563	17128.678623576	20077.1505365763	11.1979986405903	17129.0914205283	20095.4519968322	0.6446007319760081
129286_129286_408_0	10.9622992789813	17128.2722060306	20059.1319089884	9.07957311075749	17129.1424234062	20097.713222692	0.7441244793993329
146923_146923_416_0	11.5368590515146	17128.438763389	20066.5162727949	11.1979986405903	17129.0914205283	20095.4519968322	0.6839330902391227
129286_129286_408_0	11.1701041206395	17128.0399709612	20048.8357067765	9.07957311075749	17129.1424234062	20097.713222692	0.7524156311583958
146923_146923_416_0	11.4379348389136	17128.2009599126	20055.9731938122	11.1979986405903	17129.0914205283	20095.4519968322	0.6796862786439489
146923_146923_416_0	9.84679261560333	17127.9962375087	20046.8967727857	11.1979986405903	17129.0914205283	20095.4519968322	0.6131080399791162
148256_148256_417_0	11.740693466543	17128.6811684908	20077.2633660372	10.9833216957526	17128.9252665523	20088.0855170874	0.7017068255663
148256_148256_417_0	11.7142073521072	17128.437621096	20066.4656289395	10.9833216957526	17128.9252665523	20088.0855170874	0.7005716413137901
148256_148256_417_0	11.4638967442473	17128.1992778516	20055.8986192016	10.9833216957526	17128.9252665523	20088.0855170874	0.6898834955861373
148256_148256_417_0	12.1904269246764	17127.9458294851	20044.6619199453	10.9833216957526	17128.9252665523	20088.0855170874	0.7211032227515015
121407_121407_406_0	12.2710388496048	17128.7882810027	20082.0122271156	11.1089587264542	17129.0434053533	20093.3232315593	0.7194834835623398
121407_121407_406_0	12.3391739299283	17128.5317400714	20070.6384181932	11.1089587264542	17129.0434053533	20093.3232315593	0.722463143700627
121407_121407_406_0	13.1137103513577	17128.2590959311	20058.5506693175	11.1089587264542	17129.0434053533	20093.3232315593	0.7566877333227839
121407_121407_406_0	12.703069796599	17127.9949893244	20046.8414342088	11.1089587264542	17129.0434053533	20093.3232315593	0.7384631885429518
134061_134061_411_0	14.7817653186842	17128.712120215	20078.6356187805	14.4666018691603	17129.019444503	20092.2609210271	0.686316668320647
134061_134061_411_0	14.5873690651953	17128.4088375749	20065.1895040431	14.4666018691603	17129.019444503	20092.2609210271	0.6751762408113391
134061_134061_411_0	15.4458035798501	17128.0877074199	20050.9521150925	14.4666018691603	17129.019444503	20092.2609210271	0.7249699973802148
